station,sid,scenario,condition,seed,year,clean_alert_rate,precision,recall,f1,fpr,alert_rate,episode_recall,delay
Safdarjung (Delhi),42182099999,in_domain,baseline16,71,2023,0.07235232436211116,0.5686274509803921,0.37371134020618557,0.4510108864696734,0.04448038819247877,0.08912967493883257,0.8333333333333334,0.0
Safdarjung (Delhi),42182099999,temporal,baseline16,71,2024,0.08055152394775036,0.4645390070921986,0.33589743589743587,0.3898809523809524,0.06382079459002536,0.102322206095791,0.7166666666666667,0.0
Safdarjung (Delhi),42182099999,station,baseline16,71,2024,0.08635703918722787,0.45544554455445546,0.35384615384615387,0.39826839826839827,0.06973795435333897,0.10994194484760522,0.75,0.0
Safdarjung (Delhi),42182099999,in_domain,baseline16,82,2023,0.07235232436211116,0.5917602996254682,0.41578947368421054,0.4884080370942813,0.04393389762192664,0.09332401258301293,0.7666666666666667,0.0
Safdarjung (Delhi),42182099999,temporal,baseline16,82,2024,0.08055152394775036,0.5563636363636364,0.391304347826087,0.4594594594594595,0.051585623678646934,0.0997822931785196,0.6833333333333333,0.0
Safdarjung (Delhi),42182099999,station,baseline16,82,2024,0.08635703918722787,0.5454545454545454,0.3989769820971867,0.4608567208271787,0.05496828752642706,0.10377358490566038,0.7,0.0
Safdarjung (Delhi),42182099999,in_domain,baseline16,93,2023,0.07235232436211116,0.5095057034220533,0.3507853403141361,0.41550387596899224,0.05203711173860428,0.09192590003495281,0.8333333333333334,0.0
Safdarjung (Delhi),42182099999,temporal,baseline16,93,2024,0.08055152394775036,0.4784172661870504,0.344559585492228,0.4006024096385542,0.06118143459915612,0.10087082728592163,0.7166666666666667,0.0
Safdarjung (Delhi),42182099999,station,baseline16,93,2024,0.08635703918722787,0.4234527687296417,0.33678756476683935,0.37518037518037517,0.07468354430379746,0.1113933236574746,0.7333333333333333,0.0
Safdarjung (Delhi),42182099999,in_domain,dual18,71,2023,0.06990562740300595,0.7068273092369478,0.4536082474226804,0.5525902668759811,0.029518803073190457,0.0870325061167424,0.8333333333333334,0.0
Safdarjung (Delhi),42182099999,temporal,dual18,71,2024,0.08853410740203194,0.4935064935064935,0.38974358974358975,0.4355300859598854,0.06593406593406594,0.11175616835994194,0.7833333333333333,0.0
Safdarjung (Delhi),42182099999,station,dual18,71,2024,0.09107402031930334,0.47058823529411764,0.36923076923076925,0.41379310344827586,0.06846999154691462,0.11103047895500726,0.7833333333333333,0.0
Safdarjung (Delhi),42182099999,in_domain,dual18,82,2023,0.06990562740300595,0.7272727272727273,0.5052631578947369,0.5962732919254659,0.02902055622732769,0.09227542817196785,0.8666666666666667,0.0
Safdarjung (Delhi),42182099999,temporal,dual18,82,2024,0.08853410740203194,0.5627240143369175,0.40153452685422,0.46865671641791046,0.051585623678646934,0.10123367198838897,0.6666666666666666,0.0
Safdarjung (Delhi),42182099999,station,dual18,82,2024,0.09107402031930334,0.5358361774744027,0.40153452685422,0.4590643274853801,0.05750528541226216,0.10631349782293179,0.6833333333333333,0.0
Safdarjung (Delhi),42182099999,in_domain,dual18,93,2023,0.06990562740300595,0.6,0.4319371727748691,0.502283105022831,0.04437273093989512,0.09612023767913316,0.9,0.0
Safdarjung (Delhi),42182099999,temporal,dual18,93,2024,0.08853410740203194,0.5,0.3756476683937824,0.4289940828402367,0.06118143459915612,0.10522496371552975,0.8166666666666667,0.0
Safdarjung (Delhi),42182099999,station,dual18,93,2024,0.09107402031930334,0.46006389776357826,0.37305699481865284,0.41201716738197425,0.07130801687763713,0.11357039187227866,0.8,0.0
Patiala,42101099999,in_domain,baseline16,71,2023,0.07145383799080297,0.5868725868725869,0.3838383838383838,0.46412213740458014,0.04401480872069107,0.0916165546515741,0.8333333333333334,0.0
Patiala,42101099999,temporal,baseline16,71,2024,0.07150635208711434,0.4962686567164179,0.3392857142857143,0.403030303030303,0.05713076597545493,0.09727767695099819,0.711864406779661,0.0
Patiala,42101099999,station,baseline16,71,2024,0.07985480943738657,0.49324324324324326,0.37244897959183676,0.42441860465116277,0.06347862886161659,0.1074410163339383,0.7288135593220338,0.0
Patiala,42101099999,in_domain,baseline16,82,2023,0.07145383799080297,0.5946969696969697,0.40992167101827676,0.4853168469860896,0.04378068739770868,0.0933852140077821,0.8166666666666667,0.0
Patiala,42101099999,temporal,baseline16,82,2024,0.07150635208711434,0.49295774647887325,0.3684210526315789,0.42168674698795183,0.06063157894736842,0.10308529945553539,0.7,0.0
Patiala,42101099999,station,baseline16,82,2024,0.07985480943738657,0.5229681978798587,0.3894736842105263,0.4464555052790347,0.056842105263157895,0.10272232304900182,0.6666666666666666,0.0
Patiala,42101099999,in_domain,baseline16,93,2023,0.07145383799080297,0.5875912408759124,0.40554156171284633,0.4798807749627422,0.046502057613168724,0.09692253272019809,0.7833333333333333,0.0
Patiala,42101099999,temporal,baseline16,93,2024,0.07150635208711434,0.5,0.33665835411471323,0.40238450074515647,0.05734919286321156,0.09800362976406533,0.7166666666666667,0.0
Patiala,42101099999,station,baseline16,93,2024,0.07985480943738657,0.49295774647887325,0.3491271820448878,0.40875912408759124,0.06117247238742566,0.10308529945553539,0.7166666666666667,0.0
Patiala,42101099999,in_domain,dual18,71,2023,0.07675981605942696,0.708171206225681,0.4595959595959596,0.557427258805513,0.030851501439736733,0.09090909090909091,0.8333333333333334,0.0
Patiala,42101099999,temporal,dual18,71,2024,0.08457350272232304,0.4623287671232877,0.34438775510204084,0.39473684210526316,0.0664409648751587,0.105989110707804,0.6949152542372882,0.0
Patiala,42101099999,station,dual18,71,2024,0.09364791288566243,0.444794952681388,0.3596938775510204,0.39774330042313116,0.07448159119763013,0.11506352087114338,0.6779661016949152,0.0
Patiala,42101099999,in_domain,dual18,82,2023,0.07675981605942696,0.720754716981132,0.49869451697127937,0.5895061728395061,0.030278232405891982,0.0937389458790237,0.8333333333333334,0.0
Patiala,42101099999,temporal,dual18,82,2024,0.08457350272232304,0.4542372881355932,0.3526315789473684,0.397037037037037,0.06778947368421052,0.10707803992740472,0.65,0.0
Patiala,42101099999,station,dual18,82,2024,0.09364791288566243,0.43086816720257237,0.3526315789473684,0.3878437047756874,0.07452631578947369,0.11288566243194192,0.6666666666666666,0.0
Patiala,42101099999,in_domain,dual18,93,2023,0.07675981605942696,0.7315175097276264,0.473551637279597,0.5749235474006116,0.028395061728395062,0.09090909090909091,0.8666666666666667,0.0
Patiala,42101099999,temporal,dual18,93,2024,0.08457350272232304,0.4748201438848921,0.32917705735660846,0.38880706921944036,0.062022090059473234,0.10090744101633393,0.7166666666666667,0.0
Patiala,42101099999,station,dual18,93,2024,0.09364791288566243,0.45874587458745875,0.34663341645885287,0.39488636363636365,0.06966864910790145,0.10998185117967332,0.6833333333333333,0.0
Guwahati,42410099999,in_domain,baseline16,71,2023,0.07662429378531073,0.5681818181818182,0.3856041131105398,0.45941807044410415,0.04666393778141629,0.09322033898305085,0.8305084745762712,0.0
Guwahati,42410099999,temporal,baseline16,71,2024,0.07189306358381503,0.5372549019607843,0.34595959595959597,0.42089093701996927,0.049747048903878585,0.0921242774566474,0.7333333333333333,0.0
Guwahati,42410099999,station,baseline16,71,2024,0.07333815028901734,0.5114503816793893,0.3383838383838384,0.4072948328267477,0.05396290050590219,0.09465317919075145,0.7166666666666667,0.0
Guwahati,42410099999,in_domain,baseline16,82,2023,0.07662429378531073,0.607773851590106,0.4479166666666667,0.5157421289355323,0.04534313725490196,0.09992937853107345,0.8166666666666667,0.0
Guwahati,42410099999,temporal,baseline16,82,2024,0.07189306358381503,0.6007604562737643,0.412532637075718,0.4891640866873065,0.0440251572327044,0.09501445086705203,0.7627118644067796,0.0
Guwahati,42410099999,station,baseline16,82,2024,0.07333815028901734,0.6124031007751938,0.412532637075718,0.49297971918876754,0.041928721174004195,0.09320809248554913,0.7288135593220338,0.0
Guwahati,42410099999,in_domain,baseline16,93,2023,0.07662429378531073,0.5587188612099644,0.3925,0.461086637298091,0.05098684210526316,0.0992231638418079,0.8166666666666667,0.0
Guwahati,42410099999,temporal,baseline16,93,2024,0.07189306358381503,0.5730337078651685,0.3893129770992366,0.4636363636363636,0.048,0.09645953757225434,0.8166666666666667,0.0
Guwahati,42410099999,station,baseline16,93,2024,0.07333815028901734,0.5670498084291188,0.37659033078880405,0.4525993883792049,0.047578947368421054,0.09429190751445087,0.75,0.0
Guwahati,42410099999,in_domain,dual18,71,2023,0.07874293785310735,0.6641221374045801,0.4473007712082262,0.5345622119815668,0.036021285304952924,0.0925141242937853,0.8813559322033898,0.0
Guwahati,42410099999,temporal,dual18,71,2024,0.07911849710982659,0.549645390070922,0.39141414141414144,0.45722713864306785,0.05354131534569983,0.101878612716763,0.7833333333333333,0.0
Guwahati,42410099999,station,dual18,71,2024,0.08417630057803469,0.5357142857142857,0.3787878787878788,0.4437869822485207,0.05480607082630692,0.10115606936416185,0.7333333333333333,0.0
Guwahati,42410099999,in_domain,dual18,82,2023,0.07874293785310735,0.7064846416382252,0.5390625,0.6115214180206795,0.035130718954248366,0.10346045197740113,0.8666666666666667,0.0
Guwahati,42410099999,temporal,dual18,82,2024,0.07911849710982659,0.5797101449275363,0.4177545691906005,0.48558421851289835,0.04863731656184486,0.09971098265895954,0.7627118644067796,0.0
Guwahati,42410099999,station,dual18,82,2024,0.08417630057803469,0.5956678700361011,0.4308093994778068,0.5,0.0469601677148847,0.10007225433526011,0.8135593220338984,0.0
Guwahati,42410099999,in_domain,dual18,93,2023,0.07874293785310735,0.6836734693877551,0.5025,0.579250720461095,0.038240131578947366,0.1038135593220339,0.9,0.0
Guwahati,42410099999,temporal,dual18,93,2024,0.07911849710982659,0.5855513307984791,0.39185750636132316,0.4695121951219512,0.045894736842105266,0.09501445086705203,0.7666666666666667,0.0
Guwahati,42410099999,station,dual18,93,2024,0.08417630057803469,0.5939849624060151,0.4020356234096692,0.4795144157814871,0.04547368421052632,0.09609826589595376,0.8,0.0
Ahmedabad,42647099999,in_domain,baseline16,71,2023,0.07326388888888889,0.5335820895522388,0.3647959183673469,0.43333333333333335,0.050241157556270094,0.09305555555555556,0.7666666666666667,0.0
Ahmedabad,42647099999,temporal,baseline16,71,2024,0.07456772334293948,0.48484848484848486,0.3240506329113924,0.3884673748103187,0.057118857622847546,0.09510086455331412,0.6833333333333333,0.0
Ahmedabad,42647099999,station,baseline16,71,2024,0.07528818443804035,0.4946236559139785,0.3493670886075949,0.4094955489614243,0.059218815623687526,0.1005043227665706,0.75,0.0
Ahmedabad,42647099999,in_domain,baseline16,82,2023,0.07326388888888889,0.6072727272727273,0.4282051282051282,0.5022556390977444,0.043373493975903614,0.0954861111111111,0.8,0.0
Ahmedabad,42647099999,temporal,baseline16,82,2024,0.07456772334293948,0.5424354243542435,0.38181818181818183,0.4481707317073171,0.05186114596403179,0.09762247838616715,0.75,0.0
Ahmedabad,42647099999,station,baseline16,82,2024,0.07528818443804035,0.5590551181102362,0.36883116883116884,0.4444444444444444,0.04684232538686742,0.0914985590778098,0.7666666666666667,0.0
Ahmedabad,42647099999,in_domain,baseline16,93,2023,0.07326388888888889,0.6545454545454545,0.45685279187817257,0.5381165919282511,0.03821399839098954,0.0954861111111111,0.85,0.0
Ahmedabad,42647099999,temporal,baseline16,93,2024,0.07456772334293948,0.5434782608695652,0.38071065989847713,0.44776119402985076,0.05289672544080604,0.0994236311239193,0.8333333333333334,0.0
Ahmedabad,42647099999,station,baseline16,93,2024,0.07528818443804035,0.5597014925373134,0.38071065989847713,0.45317220543806647,0.04953820319059614,0.09654178674351585,0.85,0.0
Ahmedabad,42647099999,in_domain,dual18,71,2023,0.07465277777777778,0.6098484848484849,0.4107142857142857,0.49085365853658536,0.04139871382636656,0.09166666666666666,0.8666666666666667,0.0
Ahmedabad,42647099999,temporal,dual18,71,2024,0.08033141210374639,0.4542483660130719,0.3518987341772152,0.39657631954350925,0.07013859722805543,0.11023054755043228,0.7166666666666667,0.0
Ahmedabad,42647099999,station,dual18,71,2024,0.0904178674351585,0.48026315789473684,0.369620253164557,0.4177396280400572,0.06635867282654347,0.10951008645533142,0.7166666666666667,0.0
Ahmedabad,42647099999,in_domain,dual18,82,2023,0.07465277777777778,0.7362637362637363,0.5153846153846153,0.6063348416289592,0.02891566265060241,0.09479166666666666,0.9,0.0
Ahmedabad,42647099999,temporal,dual18,82,2024,0.08033141210374639,0.5454545454545454,0.4051948051948052,0.46497764530551416,0.05437055625261397,0.10302593659942363,0.8333333333333334,0.0
Ahmedabad,42647099999,station,dual18,82,2024,0.0904178674351585,0.5084745762711864,0.38961038961038963,0.4411764705882353,0.060644081974069425,0.10626801152737753,0.8,0.0
Ahmedabad,42647099999,in_domain,dual18,93,2023,0.07465277777777778,0.734375,0.47715736040609136,0.5784615384615385,0.027353177795655673,0.08888888888888889,0.9333333333333333,0.0
Ahmedabad,42647099999,temporal,dual18,93,2024,0.08033141210374639,0.5516014234875445,0.3934010152284264,0.45925925925925926,0.05289672544080604,0.10122478386167147,0.8166666666666667,0.0
Ahmedabad,42647099999,station,dual18,93,2024,0.0904178674351585,0.5344262295081967,0.4137055837563452,0.4663805436337625,0.05961376994122586,0.10987031700288184,0.7833333333333333,0.0
Kolkata,42809099999,in_domain,baseline16,71,2023,0.06687565308254964,0.5662650602409639,0.3560606060606061,0.4372093023255814,0.04363636363636364,0.08672936259143156,0.8,0.0
Kolkata,42809099999,temporal,baseline16,71,2024,0.07628344179320318,0.531986531986532,0.3979848866498741,0.4553314121037464,0.058674546222034614,0.10737527114967461,0.8,0.0
Kolkata,42809099999,station,baseline16,71,2024,0.07519884309472162,0.5294117647058824,0.3853904282115869,0.446064139941691,0.05740818910932883,0.10448300795372378,0.75,0.0
Kolkata,42809099999,in_domain,baseline16,82,2023,0.06687565308254964,0.6075471698113207,0.4117647058823529,0.49085365853658536,0.041935483870967745,0.09230233368164403,0.8333333333333334,0.0
Kolkata,42809099999,temporal,baseline16,82,2024,0.07628344179320318,0.5212765957446809,0.3828125,0.44144144144144143,0.05667506297229219,0.1019522776572668,0.7833333333333333,0.0
Kolkata,42809099999,station,baseline16,82,2024,0.07519884309472162,0.5104895104895105,0.3802083333333333,0.43582089552238806,0.05877413937867338,0.10339840925524223,0.7666666666666667,0.0
Kolkata,42809099999,in_domain,baseline16,93,2023,0.06687565308254964,0.5526315789473685,0.3684210526315789,0.4421052631578947,0.04813915857605178,0.0926506443747823,0.85,0.0
Kolkata,42809099999,temporal,baseline16,93,2024,0.07628344179320318,0.5830258302583026,0.39303482587064675,0.46953937592867756,0.047800338409475465,0.09797541576283442,0.7833333333333333,0.0
Kolkata,42809099999,station,baseline16,93,2024,0.07519884309472162,0.5535714285714286,0.3855721393034826,0.45454545454545453,0.05287648054145516,0.1012292118582791,0.75,0.0
Kolkata,42809099999,in_domain,dual18,71,2023,0.06652734238941135,0.6865079365079365,0.43686868686868685,0.5339506172839507,0.03191919191919192,0.0877742946708464,0.8833333333333333,0.0
Kolkata,42809099999,temporal,dual18,71,2024,0.0784526391901663,0.5555555555555556,0.4156171284634761,0.4755043227665706,0.05571971295905445,0.10737527114967461,0.7666666666666667,0.0
Kolkata,42809099999,station,dual18,71,2024,0.0777295733911786,0.5241157556270096,0.4105793450881612,0.4604519774011299,0.06247361756015196,0.11243673174258857,0.7833333333333333,0.0
Kolkata,42809099999,in_domain,dual18,82,2023,0.06652734238941135,0.6642066420664207,0.46035805626598464,0.5438066465256798,0.03669354838709677,0.0943921978404737,0.8666666666666667,0.0
Kolkata,42809099999,temporal,dual18,82,2024,0.0784526391901663,0.5324232081911263,0.40625,0.4608567208271787,0.05751469353484467,0.1059291395516992,0.8,0.0
Kolkata,42809099999,station,dual18,82,2024,0.0777295733911786,0.5201342281879194,0.4036458333333333,0.45454545454545453,0.0600335852225021,0.10773680404916848,0.8,0.0
Kolkata,42809099999,in_domain,dual18,93,2023,0.06652734238941135,0.6691729323308271,0.44611528822055135,0.5353383458646617,0.03559870550161812,0.0926506443747823,0.9166666666666666,0.0
Kolkata,42809099999,temporal,dual18,93,2024,0.0784526391901663,0.5586206896551724,0.40298507462686567,0.4682080924855491,0.05414551607445008,0.10484454085321765,0.8166666666666667,0.0
Kolkata,42809099999,station,dual18,93,2024,0.0777295733911786,0.5460750853242321,0.39800995024875624,0.460431654676259,0.05626057529610829,0.1059291395516992,0.8,0.0
Mumbai,43003099999,in_domain,baseline16,71,2023,0.07881944444444444,0.47017543859649125,0.34096692111959287,0.3952802359882006,0.0607157217531162,0.09895833333333333,0.7833333333333333,0.0
Mumbai,43003099999,temporal,baseline16,71,2024,0.07675675675675675,0.48363636363636364,0.3325,0.3940740740740741,0.059789473684210524,0.0990990990990991,0.7666666666666667,0.0
Mumbai,43003099999,station,baseline16,71,2024,0.07387387387387387,0.47265625,0.3025,0.36890243902439024,0.056842105263157895,0.09225225225225225,0.8,0.0
Mumbai,43003099999,in_domain,baseline16,82,2023,0.07881944444444444,0.555956678700361,0.3938618925831202,0.46107784431137727,0.04941743672157493,0.09618055555555556,0.7833333333333333,0.0
Mumbai,43003099999,temporal,baseline16,82,2024,0.07675675675675675,0.5477031802120141,0.39141414141414144,0.4565537555228277,0.05380411937788987,0.10198198198198198,0.6833333333333333,0.0
Mumbai,43003099999,station,baseline16,82,2024,0.07387387387387387,0.5300751879699248,0.3560606060606061,0.4259818731117825,0.052543085329970575,0.09585585585585586,0.7166666666666667,0.0
Mumbai,43003099999,in_domain,baseline16,93,2023,0.07881944444444444,0.474025974025974,0.37055837563451777,0.41595441595441596,0.06516492357200322,0.10694444444444444,0.7833333333333333,0.0
Mumbai,43003099999,temporal,baseline16,93,2024,0.07675675675675675,0.5109489051094891,0.36082474226804123,0.4229607250755287,0.056137410976120655,0.09873873873873874,0.6333333333333333,0.0
Mumbai,43003099999,station,baseline16,93,2024,0.07387387387387387,0.49034749034749037,0.327319587628866,0.39258114374034003,0.055299539170506916,0.09333333333333334,0.65,0.0
Mumbai,43003099999,in_domain,dual18,71,2023,0.08125,0.5985401459854015,0.4173027989821883,0.4917541229385307,0.044229995979091274,0.09513888888888888,0.8166666666666667,0.0
Mumbai,43003099999,temporal,dual18,71,2024,0.08360360360360361,0.4963235294117647,0.3375,0.4017857142857143,0.05768421052631579,0.09801801801801802,0.7833333333333333,0.0
Mumbai,43003099999,station,dual18,71,2024,0.08144144144144144,0.512,0.32,0.39384615384615385,0.05136842105263158,0.09009009009009009,0.75,0.0
Mumbai,43003099999,in_domain,dual18,82,2023,0.08125,0.6631205673758865,0.4782608695652174,0.5557206537890045,0.03816793893129771,0.09791666666666667,0.8833333333333333,0.0
Mumbai,43003099999,temporal,dual18,82,2024,0.08360360360360361,0.5344827586206896,0.39141414141414144,0.4518950437317784,0.05674653215636822,0.1045045045045045,0.7166666666666667,0.0
Mumbai,43003099999,station,dual18,82,2024,0.08144144144144144,0.5507246376811594,0.3838383838383838,0.4523809523809524,0.052122740647330815,0.09945945945945946,0.75,0.0
Mumbai,43003099999,in_domain,dual18,93,2023,0.08125,0.5979381443298969,0.4416243654822335,0.5080291970802919,0.04706355591311343,0.10104166666666667,0.85,0.0
Mumbai,43003099999,temporal,dual18,93,2024,0.08360360360360361,0.49635036496350365,0.35051546391752575,0.4108761329305136,0.057813154587348134,0.09873873873873874,0.6833333333333333,0.0
Mumbai,43003099999,station,dual18,93,2024,0.08144144144144144,0.5,0.3582474226804124,0.4174174174174174,0.05823209049015501,0.10018018018018018,0.6833333333333333,0.0
Chennai,43279099999,in_domain,baseline16,71,2023,0.06880894166957736,0.545816733067729,0.345088161209068,0.4228395061728395,0.046228710462287104,0.08767027593433462,0.7833333333333333,0.0
Chennai,43279099999,temporal,baseline16,71,2024,0.07238995998544925,0.5236220472440944,0.3341708542713568,0.40797546012269936,0.05146746065504041,0.09239723535831211,0.7833333333333333,0.0
Chennai,43279099999,station,baseline16,71,2024,0.06875227355401964,0.5378486055776892,0.3391959798994975,0.41602465331278893,0.04934070608251808,0.09130592942888323,0.8166666666666667,0.0
Chennai,43279099999,in_domain,baseline16,82,2023,0.06880894166957736,0.5373134328358209,0.3769633507853403,0.4430769230769231,0.049979846835953246,0.09360810338805449,0.7333333333333333,0.0
Chennai,43279099999,temporal,baseline16,82,2024,0.07238995998544925,0.5491803278688525,0.3489583333333333,0.4267515923566879,0.046511627906976744,0.08875954892688251,0.7166666666666667,0.0
Chennai,43279099999,station,baseline16,82,2024,0.06875227355401964,0.5737704918032787,0.3645833333333333,0.445859872611465,0.04397463002114165,0.08875954892688251,0.7,0.0
Chennai,43279099999,in_domain,baseline16,93,2023,0.06880894166957736,0.5551470588235294,0.37844611528822053,0.45007451564828616,0.049107142857142856,0.09500523925951798,0.7833333333333333,0.0
Chennai,43279099999,temporal,baseline16,93,2024,0.07238995998544925,0.49809885931558934,0.33164556962025316,0.3981762917933131,0.056074766355140186,0.09567115314659877,0.6833333333333333,0.0
Chennai,43279099999,station,baseline16,93,2024,0.06875227355401964,0.5378151260504201,0.3240506329113924,0.40442338072669826,0.04672897196261682,0.08657693706802473,0.6833333333333333,0.0
Chennai,43279099999,in_domain,dual18,71,2023,0.06845965770171149,0.6468253968253969,0.4105793450881612,0.50231124807396,0.036090835360908353,0.08801955990220049,0.8,0.0
Chennai,43279099999,temporal,dual18,71,2024,0.08330301927973809,0.5430711610486891,0.36432160804020103,0.43609022556390975,0.051892811569544874,0.09712622771917061,0.7666666666666667,0.0
Chennai,43279099999,station,dual18,71,2024,0.07893779556202256,0.5538461538461539,0.36180904522613067,0.4376899696048632,0.04934070608251808,0.09457984721716987,0.8166666666666667,0.0
Chennai,43279099999,in_domain,dual18,82,2023,0.06845965770171149,0.6587301587301587,0.43455497382198954,0.5236593059936908,0.03466344216041919,0.08801955990220049,0.85,0.0
Chennai,43279099999,temporal,dual18,82,2024,0.08330301927973809,0.4944237918215613,0.3463541666666667,0.40735068912710565,0.05750528541226216,0.09785376500545653,0.65,0.0
Chennai,43279099999,station,dual18,82,2024,0.07893779556202256,0.4982078853046595,0.3619791666666667,0.4193061840120664,0.05919661733615222,0.10149145143688613,0.7,0.0
Chennai,43279099999,in_domain,dual18,93,2023,0.06845965770171149,0.6744186046511628,0.43609022556390975,0.5296803652968036,0.03409090909090909,0.09011526370939574,0.8333333333333334,0.0
Chennai,43279099999,temporal,dual18,93,2024,0.08330301927973809,0.5138888888888888,0.37468354430379747,0.4333821376281113,0.059473237043330504,0.1047653692251728,0.7166666666666667,0.0
Chennai,43279099999,station,dual18,93,2024,0.07893779556202256,0.506993006993007,0.3670886075949367,0.42584434654919234,0.05989804587935429,0.10403783193888687,0.75,0.0
Thiruvananthapuram,43371099999,in_domain,baseline16,71,2023,0.07443478260869565,0.5672727272727273,0.39097744360902253,0.4629080118694362,0.048061389337641355,0.09565217391304348,0.85,0.0
Thiruvananthapuram,43371099999,temporal,baseline16,71,2024,0.06567489114658925,0.5083333333333333,0.30730478589420657,0.38304552590266877,0.05002119542178889,0.08708272859216255,0.6833333333333333,0.0
Thiruvananthapuram,43371099999,station,baseline16,71,2024,0.06821480406386067,0.5078740157480315,0.3249370277078086,0.39631336405529954,0.052988554472233995,0.09216255442670537,0.7666666666666667,0.0
Thiruvananthapuram,43371099999,in_domain,baseline16,82,2023,0.07443478260869565,0.5503597122302158,0.391304347826087,0.45739910313901344,0.05032206119162641,0.09669565217391304,0.7833333333333333,0.0
Thiruvananthapuram,43371099999,temporal,baseline16,82,2024,0.06567489114658925,0.47470817120622566,0.31202046035805625,0.3765432098765432,0.05708245243128964,0.09325108853410741,0.6666666666666666,0.0
Thiruvananthapuram,43371099999,station,baseline16,82,2024,0.06821480406386067,0.5039370078740157,0.3273657289002558,0.39689922480620154,0.053276955602537,0.09216255442670537,0.7166666666666667,0.0
Thiruvananthapuram,43371099999,in_domain,baseline16,93,2023,0.07443478260869565,0.5350553505535055,0.36069651741293535,0.4309063893016345,0.0509502628386575,0.0942608695652174,0.8,0.0
Thiruvananthapuram,43371099999,temporal,baseline16,93,2024,0.06567489114658925,0.5149253731343284,0.3493670886075949,0.416289592760181,0.05506141465480729,0.09724238026124818,0.7666666666666667,0.0
Thiruvananthapuram,43371099999,station,baseline16,93,2024,0.06821480406386067,0.4980694980694981,0.3265822784810127,0.3944954128440367,0.05506141465480729,0.09397677793904209,0.7,0.0
Thiruvananthapuram,43371099999,in_domain,dual18,71,2023,0.06991304347826087,0.6768060836501901,0.44611528822055135,0.5377643504531722,0.034329563812600966,0.09147826086956522,0.8,0.0
Thiruvananthapuram,43371099999,temporal,dual18,71,2024,0.07982583454281568,0.5037878787878788,0.3350125944584383,0.40242057488653554,0.05553200508690123,0.09579100145137881,0.7333333333333333,0.0
Thiruvananthapuram,43371099999,station,dual18,71,2024,0.07873730043541365,0.5098814229249012,0.3249370277078086,0.39692307692307693,0.05256464603645612,0.09179970972423802,0.7,0.0
Thiruvananthapuram,43371099999,in_domain,dual18,82,2023,0.06991304347826087,0.7018867924528301,0.47570332480818417,0.5670731707317073,0.03180354267310789,0.09217391304347826,0.85,0.0
Thiruvananthapuram,43371099999,temporal,dual18,82,2024,0.07982583454281568,0.4770992366412214,0.319693094629156,0.38284839203675347,0.057928118393234675,0.09506531204644413,0.6333333333333333,0.0
Thiruvananthapuram,43371099999,station,dual18,82,2024,0.07873730043541365,0.5218978102189781,0.3657289002557545,0.43007518796992483,0.055391120507399576,0.09941944847605225,0.7166666666666667,0.0
Thiruvananthapuram,43371099999,in_domain,dual18,93,2023,0.06991304347826087,0.6917562724014337,0.48009950248756217,0.566813509544787,0.034775576223210675,0.09704347826086956,0.9166666666666666,0.0
Thiruvananthapuram,43371099999,temporal,dual18,93,2024,0.07982583454281568,0.4948453608247423,0.36455696202531646,0.4198250728862974,0.062261753494282084,0.1055878084179971,0.6833333333333333,0.0
Thiruvananthapuram,43371099999,station,dual18,93,2024,0.07873730043541365,0.5018181818181818,0.3493670886075949,0.41194029850746267,0.05802626005929691,0.0997822931785196,0.6833333333333333,0.0
