scenario,station,condition,f1,fpr,clean
in_domain,Ahmedabad,baseline16,0.4972,0.0461,0.0733
in_domain,Ahmedabad,clim_short17,0.5523,0.0354,0.0736
in_domain,Ahmedabad,dual18(ref),0.5958,0.0288,0.0747
in_domain,Chennai,baseline16,0.4411,0.0455,0.0688
in_domain,Chennai,clim_short17,0.4795,0.0411,0.0678
in_domain,Chennai,dual18(ref),0.5342,0.033,0.0685
in_domain,Guwahati,baseline16,0.4565,0.0474,0.0766
in_domain,Guwahati,clim_short17,0.5036,0.0448,0.077
in_domain,Guwahati,dual18(ref),0.5337,0.0392,0.0787
in_domain,Kolkata,baseline16,0.4557,0.049,0.0669
in_domain,Kolkata,clim_short17,0.513,0.0444,0.0718
in_domain,Kolkata,dual18(ref),0.5481,0.0358,0.0665
in_domain,Mumbai,baseline16,0.4524,0.059,0.0788
in_domain,Mumbai,clim_short17,0.5019,0.0507,0.076
in_domain,Mumbai,dual18(ref),0.523,0.0451,0.0812
in_domain,Patiala,baseline16,0.4698,0.0491,0.0715
in_domain,Patiala,clim_short17,0.5029,0.0427,0.0693
in_domain,Patiala,dual18(ref),0.5606,0.0344,0.0768
in_domain,Safdarjung (Delhi),baseline16,0.4654,0.0447,0.0724
in_domain,Safdarjung (Delhi),clim_short17,0.5053,0.0421,0.0699
in_domain,Safdarjung (Delhi),dual18(ref),0.5552,0.0324,0.0699
in_domain,Thiruvananthapuram,baseline16,0.4633,0.0509,0.0744
in_domain,Thiruvananthapuram,clim_short17,0.4928,0.0458,0.0717
in_domain,Thiruvananthapuram,dual18(ref),0.5598,0.0345,0.0699
station,Ahmedabad,baseline16,0.441,0.0533,0.0753
station,Ahmedabad,clim_short17,0.4579,0.0534,0.0825
station,Ahmedabad,dual18(ref),0.4303,0.0619,0.0904
station,Chennai,baseline16,0.4079,0.0534,0.0688
station,Chennai,clim_short17,0.4116,0.0587,0.0757
station,Chennai,dual18(ref),0.4102,0.0598,0.0789
station,Guwahati,baseline16,0.455,0.0486,0.0733
station,Guwahati,clim_short17,0.4722,0.0503,0.0802
station,Guwahati,dual18(ref),0.4745,0.055,0.0842
station,Kolkata,baseline16,0.4466,0.0512,0.0752
station,Kolkata,clim_short17,0.4498,0.0551,0.0759
station,Kolkata,dual18(ref),0.4373,0.0592,0.0777
station,Mumbai,baseline16,0.3955,0.0559,0.0739
station,Mumbai,clim_short17,0.4291,0.0527,0.076
station,Mumbai,dual18(ref),0.4121,0.0589,0.0814
station,Patiala,baseline16,0.4174,0.0597,0.0799
station,Patiala,clim_short17,0.4223,0.059,0.077
station,Patiala,dual18(ref),0.4062,0.0715,0.0936
station,Safdarjung (Delhi),baseline16,0.3875,0.07,0.0864
station,Safdarjung (Delhi),clim_short17,0.4138,0.0638,0.0893
station,Safdarjung (Delhi),dual18(ref),0.4292,0.0656,0.0911
station,Thiruvananthapuram,baseline16,0.4124,0.0516,0.0682
station,Thiruvananthapuram,clim_short17,0.4278,0.0468,0.0686
station,Thiruvananthapuram,dual18(ref),0.4104,0.0551,0.0787
temporal,Ahmedabad,baseline16,0.4461,0.0503,0.0746
temporal,Ahmedabad,clim_short17,0.4602,0.0496,0.0753
temporal,Ahmedabad,dual18(ref),0.4445,0.053,0.0803
temporal,Chennai,baseline16,0.3959,0.0562,0.0724
temporal,Chennai,clim_short17,0.4238,0.0552,0.0717
temporal,Chennai,dual18(ref),0.3994,0.0635,0.0833
temporal,Guwahati,baseline16,0.463,0.049,0.0719
temporal,Guwahati,clim_short17,0.4697,0.0503,0.0784
temporal,Guwahati,dual18(ref),0.4577,0.0507,0.0791
temporal,Kolkata,baseline16,0.4384,0.0544,0.0763
temporal,Kolkata,clim_short17,0.4508,0.0546,0.0788
temporal,Kolkata,dual18(ref),0.433,0.061,0.0785
temporal,Mumbai,baseline16,0.4005,0.0604,0.0768
temporal,Mumbai,clim_short17,0.4064,0.0592,0.0742
temporal,Mumbai,dual18(ref),0.3958,0.0649,0.0836
temporal,Patiala,baseline16,0.4007,0.0604,0.0715
temporal,Patiala,clim_short17,0.4174,0.0602,0.0733
temporal,Patiala,dual18(ref),0.4033,0.0658,0.0846
temporal,Safdarjung (Delhi),baseline16,0.4262,0.0591,0.0806
temporal,Safdarjung (Delhi),clim_short17,0.4353,0.0571,0.0835
temporal,Safdarjung (Delhi),dual18(ref),0.443,0.058,0.0885
temporal,Thiruvananthapuram,baseline16,0.4002,0.0518,0.0657
temporal,Thiruvananthapuram,clim_short17,0.4039,0.0521,0.0758
temporal,Thiruvananthapuram,dual18(ref),0.3879,0.0612,0.0798
