variable,sigma,onset,episodes,detected,episode_recall,row_rate,mean_score,mean_thr,margin,score_delta,chance_episode,skill
rh_pct,0.5,ramp,30,17,0.5667,0.0771,0.4629,0.5039,-0.0409,0.0044,0.724,-0.157
rh_pct,0.5,step,30,18,0.6,0.0774,0.4641,0.5039,-0.0398,0.0056,0.724,-0.124
rh_pct,1.0,ramp,30,15,0.5,0.0943,0.4707,0.5042,-0.0334,0.0122,0.724,-0.224
rh_pct,1.0,step,30,18,0.6,0.1131,0.4726,0.505,-0.0324,0.014,0.724,-0.124
rh_pct,1.5,ramp,30,24,0.8,0.1367,0.4784,0.5052,-0.0268,0.0198,0.724,0.076
rh_pct,1.5,step,30,23,0.7667,0.1641,0.481,0.506,-0.025,0.0224,0.724,0.043
rh_pct,2.0,ramp,30,27,0.9,0.1927,0.4842,0.5064,-0.0222,0.0257,0.724,0.176
rh_pct,2.0,step,30,26,0.8667,0.2138,0.4874,0.5074,-0.0201,0.0288,0.724,0.143
rh_pct,3.0,ramp,30,30,1.0,0.4079,0.4923,0.5088,-0.0165,0.0338,0.724,0.276
rh_pct,3.0,step,30,30,1.0,0.4336,0.4954,0.5103,-0.0148,0.0369,0.724,0.276
rh_pct,4.0,ramp,30,29,0.9667,0.6426,0.4976,0.5105,-0.0129,0.0391,0.724,0.243
rh_pct,4.0,step,30,30,1.0,0.6729,0.5001,0.5117,-0.0116,0.0416,0.724,0.276
slp_hpa,0.5,ramp,30,17,0.5667,0.0875,0.462,0.5041,-0.0421,0.0037,0.724,-0.157
slp_hpa,0.5,step,30,17,0.5667,0.0854,0.4626,0.5041,-0.0416,0.0042,0.724,-0.157
slp_hpa,1.0,ramp,30,19,0.6333,0.1167,0.4692,0.5048,-0.0356,0.0109,0.724,-0.09
slp_hpa,1.0,step,30,20,0.6667,0.1312,0.4706,0.5055,-0.0349,0.0122,0.724,-0.057
slp_hpa,1.5,ramp,30,23,0.7667,0.1646,0.4778,0.5062,-0.0284,0.0194,0.724,0.043
slp_hpa,1.5,step,30,24,0.8,0.1833,0.4798,0.5079,-0.0281,0.0215,0.724,0.076
slp_hpa,2.0,ramp,30,24,0.8,0.2208,0.4863,0.5078,-0.0216,0.0279,0.724,0.076
slp_hpa,2.0,step,30,25,0.8333,0.2354,0.4885,0.5099,-0.0214,0.0302,0.724,0.11
slp_hpa,3.0,ramp,30,29,0.9667,0.3396,0.5007,0.5122,-0.0115,0.0423,0.724,0.243
slp_hpa,3.0,step,30,30,1.0,0.3396,0.5024,0.5144,-0.0121,0.044,0.724,0.276
slp_hpa,4.0,ramp,30,30,1.0,0.4312,0.5117,0.5172,-0.0055,0.0533,0.724,0.276
slp_hpa,4.0,step,30,30,1.0,0.4,0.5118,0.5189,-0.0072,0.0534,0.724,0.276
temp_c,0.5,ramp,30,19,0.6333,0.1083,0.4656,0.5043,-0.0388,0.0072,0.724,-0.09
temp_c,0.5,step,30,21,0.7,0.1208,0.4664,0.5047,-0.0383,0.0081,0.724,-0.024
temp_c,1.0,ramp,30,20,0.6667,0.1417,0.4754,0.5052,-0.0298,0.0171,0.724,-0.057
temp_c,1.0,step,30,20,0.6667,0.1604,0.4774,0.5055,-0.0281,0.019,0.724,-0.057
temp_c,1.5,ramp,30,25,0.8333,0.1896,0.4838,0.5062,-0.0224,0.0255,0.724,0.11
temp_c,1.5,step,30,26,0.8667,0.2062,0.4863,0.5067,-0.0204,0.028,0.724,0.143
temp_c,2.0,ramp,30,27,0.9,0.2438,0.49,0.5079,-0.0179,0.0317,0.724,0.176
temp_c,2.0,step,30,27,0.9,0.2542,0.4927,0.5085,-0.0158,0.0343,0.724,0.176
temp_c,3.0,ramp,30,30,1.0,0.3,0.4976,0.5098,-0.0122,0.0393,0.724,0.276
temp_c,3.0,step,30,30,1.0,0.325,0.5001,0.5119,-0.0119,0.0417,0.724,0.276
temp_c,4.0,ramp,30,30,1.0,0.3583,0.5026,0.5115,-0.0089,0.0442,0.724,0.276
temp_c,4.0,step,30,30,1.0,0.3521,0.5041,0.5135,-0.0095,0.0457,0.724,0.276
