station,lat,lon,year,mean,median,q1,q3,iqr,sd,p95
Safdarjung (Delhi),28.58,77.21,2023,1.114,1.055,0.74,1.427,0.687,0.506,1.994
Safdarjung (Delhi),28.58,77.21,2024,2.11,1.815,1.243,2.594,1.351,1.338,4.919
Patiala,30.33,76.47,2023,1.115,1.067,0.733,1.417,0.684,0.517,2.092
Patiala,30.33,76.47,2024,2.292,1.911,1.294,2.882,1.588,1.464,5.155
Guwahati,26.11,91.59,2023,1.135,1.068,0.764,1.459,0.695,0.515,2.046
Guwahati,26.11,91.59,2024,1.852,1.612,1.081,2.336,1.255,1.138,3.886
Ahmedabad,23.08,72.63,2023,1.147,1.105,0.761,1.457,0.696,0.523,2.102
Ahmedabad,23.08,72.63,2024,2.321,1.93,1.335,2.842,1.507,1.491,5.447
Kolkata,22.65,88.45,2023,1.179,1.125,0.812,1.495,0.683,0.5,2.089
Kolkata,22.65,88.45,2024,1.996,1.646,1.115,2.435,1.32,1.404,4.626
Mumbai,19.09,72.87,2023,1.129,1.073,0.762,1.438,0.675,0.503,2.061
Mumbai,19.09,72.87,2024,2.387,2.02,1.316,2.921,1.605,1.653,5.548
Chennai,12.99,80.18,2023,1.144,1.067,0.763,1.486,0.724,0.533,2.114
Chennai,12.99,80.18,2024,2.314,1.887,1.21,3.036,1.826,1.526,5.411
Thiruvananthapuram,8.48,76.95,2023,1.17,1.113,0.777,1.501,0.724,0.527,2.094
Thiruvananthapuram,8.48,76.95,2024,2.253,1.983,1.296,2.833,1.538,1.37,4.887
