onset,sigma,episodes,recall_any,recall_onset_rows,recall_persistent_rows,rowrate_all,rowrate_persistent
ramp,0.5,90,0.5889,0.2444,0.4889,0.091,0.0907
ramp,1.0,90,0.6,0.2889,0.5111,0.1176,0.1198
ramp,1.5,90,0.8,0.3889,0.6778,0.1636,0.1675
ramp,2.0,90,0.8667,0.5333,0.8111,0.2191,0.2178
ramp,3.0,90,0.9889,0.7444,0.9,0.3492,0.3362
ramp,4.0,90,0.9889,0.8333,0.9333,0.4774,0.4491
step,0.5,90,0.6222,0.1444,0.5778,0.0945,0.0911
step,1.0,90,0.6444,0.3,0.6111,0.1349,0.1238
step,1.5,90,0.8111,0.4444,0.7556,0.1846,0.1672
step,2.0,90,0.8667,0.6,0.8222,0.2345,0.2101
step,3.0,90,1.0,0.9222,0.9444,0.3661,0.329
step,4.0,90,1.0,1.0,0.9778,0.475,0.44
