scenario,station,condition,f1,recall,fpr,clean_alert
in_domain,Ahmedabad,baseline16,0.4912,0.4166,0.0439,0.0733
in_domain,Ahmedabad,dual18,0.5586,0.4678,0.0326,0.0747
in_domain,Chennai,baseline16,0.4387,0.3668,0.0484,0.0688
in_domain,Chennai,dual18,0.5186,0.4271,0.0349,0.0685
in_domain,Guwahati,baseline16,0.4787,0.4087,0.0477,0.0766
in_domain,Guwahati,dual18,0.5751,0.4963,0.0365,0.0787
in_domain,Kolkata,baseline16,0.4567,0.3787,0.0446,0.0669
in_domain,Kolkata,dual18,0.5377,0.4478,0.0347,0.0665
in_domain,Mumbai,baseline16,0.4241,0.3685,0.0584,0.0788
in_domain,Mumbai,dual18,0.5185,0.4457,0.0432,0.0812
in_domain,Patiala,baseline16,0.4764,0.3998,0.0448,0.0715
in_domain,Patiala,dual18,0.574,0.4773,0.0298,0.0768
in_domain,Safdarjung (Delhi),baseline16,0.4516,0.3801,0.0468,0.0724
in_domain,Safdarjung (Delhi),dual18,0.5504,0.4636,0.0343,0.0699
in_domain,Thiruvananthapuram,baseline16,0.4504,0.381,0.0498,0.0744
in_domain,Thiruvananthapuram,dual18,0.5572,0.4673,0.0336,0.0699
station,Ahmedabad,baseline16,0.4357,0.3663,0.0519,0.0753
station,Ahmedabad,dual18,0.4418,0.391,0.0622,0.0904
station,Chennai,baseline16,0.4221,0.3426,0.0467,0.0688
station,Chennai,dual18,0.4276,0.3636,0.0561,0.0789
station,Guwahati,baseline16,0.451,0.3758,0.0478,0.0733
station,Guwahati,dual18,0.4744,0.4039,0.0491,0.0842
station,Kolkata,baseline16,0.4455,0.3837,0.0564,0.0752
station,Kolkata,dual18,0.4585,0.4041,0.0596,0.0777
station,Mumbai,baseline16,0.3958,0.3286,0.0549,0.0739
station,Mumbai,dual18,0.4212,0.354,0.0539,0.0814
station,Patiala,baseline16,0.4265,0.3703,0.0605,0.0799
station,Patiala,dual18,0.3935,0.353,0.0729,0.0936
station,Safdarjung (Delhi),baseline16,0.4114,0.3632,0.0665,0.0864
station,Safdarjung (Delhi),dual18,0.4283,0.3813,0.0658,0.0911
station,Thiruvananthapuram,baseline16,0.3959,0.3263,0.0538,0.0682
station,Thiruvananthapuram,dual18,0.413,0.3467,0.0553,0.0787
temporal,Ahmedabad,baseline16,0.4281,0.3622,0.054,0.0746
temporal,Ahmedabad,dual18,0.4403,0.3835,0.0591,0.0803
temporal,Chennai,baseline16,0.411,0.3383,0.0514,0.0724
temporal,Chennai,dual18,0.4256,0.3618,0.0563,0.0833
temporal,Guwahati,baseline16,0.4579,0.3826,0.0473,0.0719
temporal,Guwahati,dual18,0.4708,0.4003,0.0494,0.0791
temporal,Kolkata,baseline16,0.4554,0.3913,0.0544,0.0763
temporal,Kolkata,dual18,0.4682,0.4083,0.0558,0.0785
temporal,Mumbai,baseline16,0.4245,0.3616,0.0566,0.0768
temporal,Mumbai,dual18,0.4215,0.3598,0.0574,0.0836
temporal,Patiala,baseline16,0.409,0.3481,0.0584,0.0715
temporal,Patiala,dual18,0.3935,0.3421,0.0654,0.0846
temporal,Safdarjung (Delhi),baseline16,0.4166,0.3573,0.0589,0.0806
temporal,Safdarjung (Delhi),dual18,0.4444,0.389,0.0596,0.0885
temporal,Thiruvananthapuram,baseline16,0.392,0.3229,0.0541,0.0657
temporal,Thiruvananthapuram,dual18,0.4017,0.3398,0.0586,0.0798
