seed,condition,precision,recall,f1,alert_rate,fpr
42,A baseline (16),0.5867158671586716,0.40253164556962023,0.4774774774774775,0.09472212513107305,0.0454176804541768
42,B +acc_w4 (17),0.6043956043956044,0.4177215189873418,0.4940119760479042,0.09542118140510311,0.043795620437956206
42,C +clim_short (17),0.6666666666666666,0.4607594936708861,0.5449101796407185,0.09542118140510311,0.036901865369018655
42,D dual-timescale (18),0.6867924528301886,0.4607594936708861,0.5515151515151515,0.09262495630898288,0.033657745336577456
101,A baseline (16),0.6115107913669064,0.4461942257217848,0.5159332321699545,0.09716882209017826,0.043548387096774194
101,B +acc_w4 (17),0.6120996441281139,0.45144356955380577,0.5196374622356495,0.09821740650122335,0.04395161290322581
101,C +clim_short (17),0.6618705035971223,0.48293963254593175,0.5584218512898331,0.09716882209017826,0.03790322580645161
101,D dual-timescale (18),0.6857142857142857,0.5039370078740157,0.5809379727685325,0.09786787836420832,0.035483870967741936
202,A baseline (16),0.6099290780141844,0.44559585492227977,0.5149700598802395,0.09856693463823837,0.044444444444444446
202,B +acc_w4 (17),0.6171003717472119,0.43005181347150256,0.5068702290076336,0.094023068857043,0.041616161616161614
202,C +clim_short (17),0.6452830188679245,0.4430051813471503,0.5253456221198156,0.09262495630898288,0.03797979797979798
202,D dual-timescale (18),0.663003663003663,0.4689119170984456,0.5493171471927162,0.09542118140510311,0.037171717171717175
303,A baseline (16),0.5708812260536399,0.38107416879795397,0.4570552147239264,0.09122684376092276,0.045344129554655874
303,B +acc_w4 (17),0.5905797101449275,0.41687979539641945,0.48875562218890556,0.0964697658161482,0.045748987854251015
303,C +clim_short (17),0.6226415094339622,0.4219948849104859,0.5030487804878049,0.09262495630898288,0.04048582995951417
303,D dual-timescale (18),0.6745098039215687,0.4398976982097187,0.5325077399380805,0.08912967493883257,0.03360323886639676
404,A baseline (16),0.5812274368231047,0.4214659685863874,0.48861911987860396,0.09681929395316323,0.04679306171843485
404,B +acc_w4 (17),0.6028880866425993,0.43717277486910994,0.5068285280728376,0.09681929395316323,0.04437273093989512
404,C +clim_short (17),0.6428571428571429,0.4712041884816754,0.5438066465256798,0.09786787836420832,0.04033884630899556
404,D dual-timescale (18),0.6485507246376812,0.468586387434555,0.5440729483282675,0.0964697658161482,0.0391286809197257
