station,sid,scenario,condition,seed,clean_alert_rate,precision,recall,f1,fpr,alert_rate,episode_recall,delay
Safdarjung (Delhi),42182099999,in_domain,baseline16,104,0.07235232436211116,0.5867158671586716,0.3925925925925926,0.47041420118343197,0.04560260586319218,0.09472212513107305,0.85,0.0
Safdarjung (Delhi),42182099999,temporal,baseline16,104,0.08055152394775036,0.5034246575342466,0.36476426799007444,0.42302158273381296,0.061623459413514665,0.10595065312046444,0.7666666666666667,0.0
Safdarjung (Delhi),42182099999,station,baseline16,104,0.08635703918722787,0.45098039215686275,0.3424317617866005,0.38928067700987307,0.07139821504462389,0.11103047895500726,0.7333333333333333,0.0
Safdarjung (Delhi),42182099999,in_domain,baseline16,115,0.07235232436211116,0.5830258302583026,0.3969849246231156,0.47234678624813153,0.04587900933820544,0.09472212513107305,0.7666666666666667,0.0
Safdarjung (Delhi),42182099999,temporal,baseline16,115,0.08055152394775036,0.5314685314685315,0.3790523690773067,0.44250363901018924,0.056900212314225054,0.10377358490566038,0.75,0.0
Safdarjung (Delhi),42182099999,station,baseline16,115,0.08635703918722787,0.46885245901639344,0.3566084788029925,0.40509915014164305,0.06878980891719745,0.1106676342525399,0.75,0.0
Safdarjung (Delhi),42182099999,in_domain,baseline16,126,0.07235232436211116,0.5708502024291497,0.376,0.4533762057877814,0.042638777152051485,0.08633344984271234,0.8,0.0
Safdarjung (Delhi),42182099999,temporal,baseline16,126,0.08055152394775036,0.48905109489051096,0.35733333333333334,0.41294298921417566,0.05879882402351953,0.09941944847605225,0.75,0.0
Safdarjung (Delhi),42182099999,station,baseline16,126,0.08635703918722787,0.4236111111111111,0.3253333333333333,0.3680241327300151,0.06971860562788744,0.10449927431059507,0.6666666666666666,0.0
Safdarjung (Delhi),42182099999,in_domain,clim_short17,104,0.06990562740300595,0.6446886446886447,0.4345679012345679,0.5191740412979351,0.039495114006514655,0.09542118140510311,0.8666666666666667,0.0
Safdarjung (Delhi),42182099999,temporal,clim_short17,104,0.08345428156748912,0.5229681978798587,0.36724565756823824,0.4314868804664723,0.05737356566085848,0.10268505079825835,0.7333333333333333,0.0
Safdarjung (Delhi),42182099999,station,clim_short17,104,0.08925979680696662,0.4755700325732899,0.36228287841191065,0.4112676056338028,0.06842328941776456,0.1113933236574746,0.7166666666666667,0.0
Safdarjung (Delhi),42182099999,in_domain,clim_short17,115,0.06990562740300595,0.6042402826855123,0.4296482412060301,0.5022026431718062,0.045473000406008934,0.09891646277525341,0.8166666666666667,0.0
Safdarjung (Delhi),42182099999,temporal,clim_short17,115,0.08345428156748912,0.5344827586206896,0.3865336658354115,0.44862518089725034,0.05732484076433121,0.10522496371552975,0.7833333333333333,0.0
Safdarjung (Delhi),42182099999,station,clim_short17,115,0.08925979680696662,0.511864406779661,0.3765586034912718,0.4339080459770115,0.061146496815286625,0.10703918722786647,0.8,0.0
Safdarjung (Delhi),42182099999,in_domain,clim_short17,126,0.06990562740300595,0.6038461538461538,0.4186666666666667,0.494488188976378,0.041432019308125505,0.09087731562390773,0.8333333333333334,0.0
Safdarjung (Delhi),42182099999,temporal,clim_short17,126,0.08345428156748912,0.5054945054945055,0.368,0.42592592592592593,0.056698866022679546,0.09905660377358491,0.7333333333333333,0.0
Safdarjung (Delhi),42182099999,station,clim_short17,126,0.08925979680696662,0.4673913043478261,0.344,0.39631336405529954,0.061738765224695506,0.10014513788098693,0.7833333333333333,0.0
Safdarjung (Delhi),42182099999,in_domain,dual18(ref),104,0.06990562740300595,0.7078651685393258,0.4666666666666667,0.5625,0.03175895765472313,0.09332401258301293,0.8833333333333333,0.0
Safdarjung (Delhi),42182099999,temporal,dual18(ref),104,0.08853410740203194,0.5326797385620915,0.4044665012406948,0.459802538787024,0.06077348066298342,0.11103047895500726,0.7666666666666667,0.0
Safdarjung (Delhi),42182099999,station,dual18(ref),104,0.09107402031930334,0.49216300940438873,0.38957816377171217,0.43490304709141275,0.06884827879303017,0.11574746008708273,0.7833333333333333,0.0
Safdarjung (Delhi),42182099999,in_domain,dual18(ref),115,0.06990562740300595,0.6920152091254753,0.457286432160804,0.5506807866868382,0.03288672350791717,0.09192590003495281,0.8,0.0
Safdarjung (Delhi),42182099999,temporal,dual18(ref),115,0.08853410740203194,0.5314685314685315,0.3790523690773067,0.44250363901018924,0.056900212314225054,0.10377358490566038,0.7166666666666667,0.0
Safdarjung (Delhi),42182099999,station,dual18(ref),115,0.09107402031930334,0.5211726384364821,0.39900249376558605,0.4519774011299435,0.062420382165605096,0.1113933236574746,0.7333333333333333,0.0
Safdarjung (Delhi),42182099999,in_domain,dual18(ref),126,0.06990562740300595,0.6823529411764706,0.464,0.5523809523809524,0.03258246178600161,0.08912967493883257,0.85,0.0
Safdarjung (Delhi),42182099999,temporal,dual18(ref),126,0.08853410740203194,0.5073529411764706,0.368,0.4265842349304482,0.05627887442251155,0.09869375907111756,0.75,0.0
Safdarjung (Delhi),42182099999,station,dual18(ref),126,0.09107402031930334,0.4602076124567474,0.3546666666666667,0.4006024096385542,0.06551868962620748,0.10486211901306242,0.7333333333333333,0.0
Patiala,42101099999,in_domain,baseline16,104,0.07145383799080297,0.5882352941176471,0.42606516290726815,0.4941860465116279,0.04901153212520593,0.10222851078882207,0.9152542372881356,0.0
Patiala,42101099999,temporal,baseline16,104,0.07150635208711434,0.46099290780141844,0.3282828282828283,0.3834808259587021,0.06443408223823655,0.10235934664246824,0.65,0.0
Patiala,42101099999,station,baseline16,104,0.07985480943738657,0.4880546075085324,0.3611111111111111,0.41509433962264153,0.0635862653666808,0.10635208711433757,0.6833333333333333,0.0
Patiala,42101099999,in_domain,baseline16,115,0.07145383799080297,0.5714285714285714,0.3880597014925373,0.4622222222222222,0.04824742268041237,0.09656880084895648,0.8,0.0
Patiala,42101099999,temporal,baseline16,115,0.07150635208711434,0.5035971223021583,0.3482587064676617,0.4117647058823529,0.058648533786655334,0.10090744101633393,0.6666666666666666,0.0
Patiala,42101099999,station,baseline16,115,0.07985480943738657,0.516245487364621,0.35572139303482586,0.4212076583210604,0.05694857628559286,0.10054446460980036,0.6833333333333333,0.0
Patiala,42101099999,in_domain,baseline16,126,0.07145383799080297,0.5410447761194029,0.3897849462365591,0.453125,0.05010183299389002,0.0948001414927485,0.75,0.0
Patiala,42101099999,temporal,baseline16,126,0.07150635208711434,0.4888888888888889,0.3482849604221636,0.4067796610169492,0.05808080808080808,0.09800362976406533,0.7166666666666667,0.0
Patiala,42101099999,station,baseline16,126,0.07985480943738657,0.49454545454545457,0.35883905013192613,0.41590214067278286,0.0585016835016835,0.0998185117967332,0.7,0.0
Patiala,42101099999,in_domain,clim_short17,104,0.06933144676335337,0.6161971830985915,0.43859649122807015,0.5124450951683748,0.044892915980230645,0.10045985143261407,0.9322033898305084,0.0
Patiala,42101099999,temporal,clim_short17,104,0.07332123411978221,0.47796610169491527,0.3560606060606061,0.4081041968162084,0.06528189910979229,0.10707803992740472,0.7,0.0
Patiala,42101099999,station,clim_short17,104,0.07695099818511797,0.48494983277591974,0.3661616161616162,0.4172661870503597,0.06528189910979229,0.10852994555353902,0.7166666666666667,0.0
Patiala,42101099999,in_domain,clim_short17,115,0.06933144676335337,0.6171003717472119,0.4129353233830846,0.4947839046199702,0.04247422680412371,0.0951538733639901,0.8333333333333334,0.0
Patiala,42101099999,temporal,clim_short17,115,0.07332123411978221,0.5197132616487455,0.36069651741293535,0.42584434654919234,0.05694857628559286,0.10127041742286752,0.75,0.0
Patiala,42101099999,station,clim_short17,115,0.07695099818511797,0.5287769784172662,0.3656716417910448,0.4323529411764706,0.055673608159796,0.10090744101633393,0.7,0.0
Patiala,42101099999,in_domain,clim_short17,126,0.06933144676335337,0.6124031007751938,0.42473118279569894,0.5015873015873016,0.04073319755600815,0.09126282278033251,0.7833333333333333,0.0
Patiala,42101099999,temporal,clim_short17,126,0.07332123411978221,0.4963768115942029,0.36147757255936674,0.4183206106870229,0.0585016835016835,0.10018148820326679,0.7666666666666667,0.0
Patiala,42101099999,station,clim_short17,126,0.07695099818511797,0.503731343283582,0.3562005277044855,0.41731066460587324,0.05597643097643098,0.09727767695099819,0.75,0.0
Patiala,42101099999,in_domain,dual18(ref),104,0.07675981605942696,0.6523297491039427,0.45614035087719296,0.5368731563421829,0.039950576606260293,0.09869119207640609,0.8983050847457628,0.0
Patiala,42101099999,temporal,dual18(ref),104,0.08457350272232304,0.43670886075949367,0.3484848484848485,0.38764044943820225,0.07545570156846121,0.1147005444646098,0.65,0.0
Patiala,42101099999,station,dual18(ref),104,0.09364791288566243,0.4289940828402367,0.3661616161616162,0.39509536784741145,0.08181432810512929,0.12268602540834846,0.7333333333333333,0.0
Patiala,42101099999,in_domain,dual18(ref),115,0.07675981605942696,0.7047970479704797,0.47512437810945274,0.5676077265973254,0.032989690721649485,0.0958613371064733,0.8666666666666667,0.0
Patiala,42101099999,temporal,dual18(ref),115,0.08457350272232304,0.5103448275862069,0.3681592039800995,0.4277456647398844,0.060348491287717805,0.10526315789473684,0.7,0.0
Patiala,42101099999,station,dual18(ref),115,0.09364791288566243,0.5016835016835017,0.3706467661691542,0.4263233190271817,0.06289842753931152,0.10780399274047187,0.6833333333333333,0.0
Patiala,42101099999,in_domain,dual18(ref),126,0.07675981605942696,0.7098039215686275,0.48655913978494625,0.5773524720893142,0.03014256619144603,0.0902016271666077,0.8666666666666667,0.0
Patiala,42101099999,temporal,dual18(ref),126,0.08457350272232304,0.4690909090909091,0.3403693931398417,0.3944954128440367,0.061447811447811446,0.0998185117967332,0.75,0.0
Patiala,42101099999,station,dual18(ref),126,0.09364791288566243,0.4485049833887043,0.3562005277044855,0.39705882352941174,0.06986531986531987,0.10925589836660617,0.75,0.0
Guwahati,42410099999,in_domain,baseline16,104,0.07662429378531073,0.5424354243542435,0.3620689655172414,0.4342688330871492,0.051112943116240726,0.09569209039548023,0.8,0.0
Guwahati,42410099999,temporal,baseline16,104,0.07189306358381503,0.5888501742160279,0.4482758620689655,0.5090361445783133,0.0493517356754496,0.1036849710982659,0.7796610169491526,0.0
Guwahati,42410099999,station,baseline16,104,0.07333815028901734,0.5915492957746479,0.44562334217506633,0.5083207261724659,0.04851526557925554,0.10260115606936417,0.7457627118644068,0.0
Guwahati,42410099999,in_domain,baseline16,115,0.07662429378531073,0.5766423357664233,0.3940149625935162,0.46814814814814815,0.04771698889345948,0.09675141242937853,0.8333333333333334,0.0
Guwahati,42410099999,temporal,baseline16,115,0.07189306358381503,0.5538461538461539,0.3609022556390977,0.4370257966616085,0.04896580835795694,0.09393063583815028,0.7666666666666667,0.0
Guwahati,42410099999,station,baseline16,115,0.07333815028901734,0.5338645418326693,0.3358395989974937,0.4123076923076923,0.04938792739552554,0.0906791907514451,0.7,0.0
Guwahati,42410099999,in_domain,baseline16,126,0.07662429378531073,0.5843137254901961,0.38903394255874674,0.4670846394984326,0.04328297264189465,0.09004237288135593,0.8333333333333334,0.0
Guwahati,42410099999,temporal,baseline16,126,0.07189306358381503,0.5503875968992248,0.370757180156658,0.44305772230889234,0.04863731656184486,0.09320809248554913,0.7833333333333333,0.0
Guwahati,42410099999,station,baseline16,126,0.07333815028901734,0.5546875,0.370757180156658,0.4444444444444444,0.04779874213836478,0.09248554913294797,0.8,0.0
Guwahati,42410099999,in_domain,clim_short17,104,0.0769774011299435,0.5734265734265734,0.4039408866995074,0.47398843930635837,0.05028854080791426,0.10098870056497175,0.8666666666666667,0.0
Guwahati,42410099999,temporal,clim_short17,104,0.07839595375722544,0.6020761245674741,0.46153846153846156,0.5225225225225225,0.04809703053115851,0.10440751445086706,0.7796610169491526,0.0
Guwahati,42410099999,station,clim_short17,104,0.08020231213872832,0.6118881118881119,0.46419098143236076,0.5279034690799397,0.04642409033877039,0.10332369942196531,0.847457627118644,0.0
Guwahati,42410099999,in_domain,clim_short17,115,0.0769774011299435,0.6258992805755396,0.4339152119700748,0.5125184094256259,0.0427807486631016,0.0981638418079096,0.8166666666666667,0.0
Guwahati,42410099999,temporal,clim_short17,115,0.07839595375722544,0.5347985347985348,0.3659147869674185,0.43452380952380953,0.05360911777121148,0.0986271676300578,0.7333333333333333,0.0
Guwahati,42410099999,station,clim_short17,115,0.08020231213872832,0.5270758122743683,0.3659147869674185,0.4319526627218935,0.05529759392148586,0.10007225433526011,0.7833333333333333,0.0
Guwahati,42410099999,in_domain,clim_short17,126,0.0769774011299435,0.63003663003663,0.4490861618798956,0.524390243902439,0.04124132298897509,0.09639830508474577,0.8833333333333333,0.0
Guwahati,42410099999,temporal,clim_short17,126,0.07839595375722544,0.5551330798479087,0.381201044386423,0.4520123839009288,0.04905660377358491,0.09501445086705203,0.8333333333333334,0.0
Guwahati,42410099999,station,clim_short17,126,0.08020231213872832,0.5584905660377358,0.38642297650130547,0.4567901234567901,0.04905660377358491,0.09573699421965318,0.8166666666666667,0.0
Guwahati,42410099999,in_domain,dual18(ref),104,0.07874293785310735,0.6227106227106227,0.4187192118226601,0.5007363770250368,0.04245671887881286,0.09639830508474577,0.8666666666666667,0.0
Guwahati,42410099999,temporal,dual18(ref),104,0.07911849710982659,0.5836177474402731,0.4535809018567639,0.5104477611940299,0.051024675867837724,0.10585260115606937,0.7288135593220338,0.0
Guwahati,42410099999,station,dual18(ref),104,0.08417630057803469,0.6033898305084746,0.47214854111405835,0.5297619047619048,0.04893350062735257,0.10657514450867052,0.7627118644067796,0.0
Guwahati,42410099999,in_domain,dual18(ref),115,0.07874293785310735,0.6739130434782609,0.46384039900249374,0.5494830132939439,0.03702180172768408,0.09745762711864407,0.9,0.0
Guwahati,42410099999,temporal,dual18(ref),115,0.07911849710982659,0.5315985130111525,0.3583959899749373,0.4281437125748503,0.05318699873364289,0.09718208092485549,0.7166666666666667,0.0
Guwahati,42410099999,station,dual18(ref),115,0.08417630057803469,0.5,0.3684210526315789,0.42424242424242425,0.06205149852258337,0.10621387283236994,0.7333333333333333,0.0
Guwahati,42410099999,in_domain,dual18(ref),126,0.07874293785310735,0.6605839416058394,0.4725848563968668,0.5509893455098934,0.0379746835443038,0.09675141242937853,0.9,0.0
Guwahati,42410099999,temporal,dual18(ref),126,0.07911849710982659,0.5476190476190477,0.360313315926893,0.4346456692913386,0.04779874213836478,0.09104046242774566,0.7666666666666667,0.0
Guwahati,42410099999,station,dual18(ref),126,0.08417630057803469,0.548951048951049,0.40992167101827676,0.4693572496263079,0.05408805031446541,0.10332369942196531,0.8166666666666667,0.0
Ahmedabad,42647099999,in_domain,baseline16,104,0.07326388888888889,0.5758620689655173,0.4154228855721393,0.48265895953757226,0.04963680387409201,0.10069444444444445,0.8666666666666667,0.0
Ahmedabad,42647099999,temporal,baseline16,104,0.07456772334293948,0.6142322097378277,0.40594059405940597,0.488822652757079,0.04342327150084317,0.09618155619596541,0.8166666666666667,0.0
Ahmedabad,42647099999,station,baseline16,104,0.07528818443804035,0.5886524822695035,0.41089108910891087,0.4839650145772595,0.048903878583473864,0.10158501440922191,0.8333333333333334,0.0
Ahmedabad,42647099999,in_domain,baseline16,115,0.07326388888888889,0.6113074204946997,0.43358395989974935,0.5073313782991202,0.04433696090286175,0.09826388888888889,0.85,0.0
Ahmedabad,42647099999,temporal,baseline16,115,0.07456772334293948,0.5089605734767025,0.35148514851485146,0.4158125915080527,0.05775716694772344,0.1005043227665706,0.7333333333333333,0.0
Ahmedabad,42647099999,station,baseline16,115,0.07528818443804035,0.5034722222222222,0.3589108910891089,0.4190751445086705,0.0602866779089376,0.1037463976945245,0.7166666666666667,0.0
Ahmedabad,42647099999,in_domain,baseline16,126,0.07326388888888889,0.5978260869565217,0.4319371727748691,0.5015197568389058,0.044435548438751,0.09583333333333334,0.8333333333333334,0.0
Ahmedabad,42647099999,temporal,baseline16,126,0.07456772334293948,0.5387596899224806,0.3629242819843342,0.43369734789391573,0.04972837442540744,0.09293948126801153,0.8,0.0
Ahmedabad,42647099999,station,baseline16,126,0.07528818443804035,0.5254901960784314,0.34986945169712796,0.4200626959247649,0.05056414542415378,0.09185878962536023,0.7666666666666667,0.0
Ahmedabad,42647099999,in_domain,clim_short17,104,0.07361111111111111,0.68,0.4651741293532338,0.552437223042836,0.03551251008878128,0.0954861111111111,0.9333333333333333,0.0
Ahmedabad,42647099999,temporal,clim_short17,104,0.07528818443804035,0.6268656716417911,0.4158415841584158,0.5,0.04215851602023609,0.09654178674351585,0.8333333333333334,0.0
Ahmedabad,42647099999,station,clim_short17,104,0.082492795389049,0.5856164383561644,0.42326732673267325,0.49137931034482757,0.051011804384485666,0.10518731988472622,0.8333333333333334,0.0
Ahmedabad,42647099999,in_domain,clim_short17,115,0.07361111111111111,0.6788321167883211,0.46616541353383456,0.5527488855869243,0.0354695687222894,0.09513888888888888,0.85,0.0
Ahmedabad,42647099999,temporal,clim_short17,115,0.07528818443804035,0.5308219178082192,0.38366336633663367,0.4454022988505747,0.05775716694772344,0.10518731988472622,0.8166666666666667,0.0
Ahmedabad,42647099999,station,clim_short17,115,0.082492795389049,0.5119453924914675,0.3712871287128713,0.430416068866571,0.0602866779089376,0.10554755043227666,0.75,0.0
Ahmedabad,42647099999,in_domain,clim_short17,126,0.07361111111111111,0.6704119850187266,0.468586387434555,0.551617873651772,0.03522818254603683,0.09270833333333334,0.8833333333333333,0.0
Ahmedabad,42647099999,temporal,clim_short17,126,0.07528818443804035,0.54296875,0.3629242819843342,0.4350547730829421,0.048892603426661095,0.09221902017291066,0.7666666666666667,0.0
Ahmedabad,42647099999,station,clim_short17,126,0.082492795389049,0.5551330798479087,0.381201044386423,0.4520123839009288,0.048892603426661095,0.09474063400576369,0.8333333333333334,0.0
Ahmedabad,42647099999,in_domain,dual18(ref),104,0.07465277777777778,0.7132616487455197,0.49502487562189057,0.5844346549192364,0.03228410008071025,0.096875,1.0,0.0
Ahmedabad,42647099999,temporal,dual18(ref),104,0.08033141210374639,0.6223021582733813,0.4282178217821782,0.5073313782991202,0.04426644182124789,0.10014409221902017,0.7833333333333333,0.0
Ahmedabad,42647099999,station,dual18(ref),104,0.0904178674351585,0.5752508361204013,0.42574257425742573,0.48933143669985774,0.05354131534569983,0.10770893371757925,0.8166666666666667,0.0
Ahmedabad,42647099999,in_domain,dual18(ref),115,0.07465277777777778,0.74609375,0.47869674185463656,0.583206106870229,0.026199113260781944,0.08888888888888889,0.8333333333333334,0.0
Ahmedabad,42647099999,temporal,dual18(ref),115,0.08033141210374639,0.496551724137931,0.3564356435643564,0.414985590778098,0.06155143338954469,0.10446685878962536,0.75,0.0
Ahmedabad,42647099999,station,dual18(ref),115,0.0904178674351585,0.4551282051282051,0.35148514851485146,0.39664804469273746,0.07166947723440135,0.11239193083573487,0.7166666666666667,0.0
Ahmedabad,42647099999,in_domain,dual18(ref),126,0.07465277777777778,0.7435897435897436,0.5314136125654451,0.6198473282442748,0.02802241793434748,0.09479166666666666,0.9166666666666666,0.0
Ahmedabad,42647099999,temporal,dual18(ref),126,0.08033141210374639,0.5096525096525096,0.34464751958224543,0.411214953271028,0.05307145842039281,0.09329971181556196,0.7666666666666667,0.0
Ahmedabad,42647099999,station,dual18(ref),126,0.0904178674351585,0.48028673835125446,0.34986945169712796,0.40483383685800606,0.060593397409109906,0.1005043227665706,0.7333333333333333,0.0
Kolkata,42809099999,in_domain,baseline16,104,0.06687565308254964,0.5709219858156028,0.39950372208436724,0.47007299270072994,0.049027552674230146,0.09822361546499478,0.8333333333333334,0.0
Kolkata,42809099999,temporal,baseline16,104,0.07628344179320318,0.5263157894736842,0.37220843672456577,0.436046511627907,0.05713076597545493,0.10303687635574837,0.7457627118644068,0.0
Kolkata,42809099999,station,baseline16,104,0.07519884309472162,0.5494505494505495,0.37220843672456577,0.4437869822485207,0.052052475666525606,0.09869848156182212,0.711864406779661,0.0
Kolkata,42809099999,in_domain,baseline16,115,0.06687565308254964,0.5304659498207885,0.37,0.43593519882179677,0.05301497369486038,0.09717868338557993,0.7166666666666667,0.0
Kolkata,42809099999,temporal,baseline16,115,0.07628344179320318,0.5513307984790875,0.3634085213032581,0.4380664652567976,0.04985213350232361,0.09508315256688359,0.7,0.0
Kolkata,42809099999,station,baseline16,115,0.07519884309472162,0.5509433962264151,0.3659147869674185,0.4397590361445783,0.05027460920997043,0.09580621836587129,0.7166666666666667,0.0
Kolkata,42809099999,in_domain,baseline16,126,0.06687565308254964,0.5692307692307692,0.387434554973822,0.46105919003115264,0.04499799116110888,0.09056078021595262,0.7833333333333333,0.0
Kolkata,42809099999,temporal,baseline16,126,0.07628344179320318,0.5214285714285715,0.38219895287958117,0.44108761329305135,0.05620805369127517,0.1012292118582791,0.75,0.0
Kolkata,42809099999,station,baseline16,126,0.07519884309472162,0.5498154981549815,0.3900523560209424,0.4563552833078101,0.051174496644295304,0.09797541576283442,0.7166666666666667,0.0
Kolkata,42809099999,in_domain,clim_short17,104,0.07175200278648554,0.6205673758865248,0.43424317617866004,0.5109489051094891,0.043354943273905995,0.09822361546499478,0.9,0.0
Kolkata,42809099999,temporal,clim_short17,104,0.07881417208966016,0.5085324232081911,0.369727047146402,0.4281609195402299,0.06093948370715192,0.1059291395516992,0.7966101694915254,0.0
Kolkata,42809099999,station,clim_short17,104,0.07592190889370933,0.5464285714285714,0.37965260545905705,0.4480234260614934,0.05374523910283538,0.1012292118582791,0.711864406779661,0.0
Kolkata,42809099999,in_domain,clim_short17,115,0.07175200278648554,0.5771812080536913,0.43,0.49283667621776506,0.05099150141643059,0.10379658655520725,0.8333333333333334,0.0
Kolkata,42809099999,temporal,clim_short17,115,0.07881417208966016,0.5611510791366906,0.39097744360902253,0.4608567208271787,0.05154203633291086,0.1005061460592914,0.7,0.0
Kolkata,42809099999,station,clim_short17,115,0.07592190889370933,0.5208333333333334,0.37593984962406013,0.4366812227074236,0.058301647655259824,0.10412147505422993,0.6666666666666666,0.0
Kolkata,42809099999,in_domain,clim_short17,126,0.07175200278648554,0.6433823529411765,0.4581151832460733,0.5351681957186545,0.038971474487746086,0.09474050853361198,0.8833333333333333,0.0
Kolkata,42809099999,temporal,clim_short17,126,0.07881417208966016,0.5547445255474452,0.39790575916230364,0.4634146341463415,0.051174496644295304,0.09906001446131597,0.8,0.0
Kolkata,42809099999,station,clim_short17,126,0.07592190889370933,0.5480427046263345,0.4031413612565445,0.4645550527903469,0.05327181208053691,0.10159074475777295,0.7666666666666667,0.0
Kolkata,42809099999,in_domain,dual18(ref),104,0.06652734238941135,0.6875,0.4640198511166253,0.554074074074074,0.034440842787682335,0.09474050853361198,0.8833333333333333,0.0
Kolkata,42809099999,temporal,dual18(ref),104,0.0784526391901663,0.5,0.36476426799007444,0.4218077474892396,0.06220905628438426,0.10629067245119306,0.711864406779661,0.0
Kolkata,42809099999,station,dual18(ref),104,0.0777295733911786,0.4948805460750853,0.3598014888337469,0.4166666666666667,0.0626322471434617,0.1059291395516992,0.7288135593220338,0.0
Kolkata,42809099999,in_domain,dual18(ref),115,0.06652734238941135,0.6254416961130742,0.4425,0.5183016105417276,0.042897612302711455,0.09857192615813305,0.8166666666666667,0.0
Kolkata,42809099999,temporal,dual18(ref),115,0.0784526391901663,0.5101351351351351,0.37844611528822053,0.43453237410071943,0.06125897760878749,0.10701373825018076,0.6833333333333333,0.0
Kolkata,42809099999,station,dual18(ref),115,0.0777295733911786,0.5340136054421769,0.39348370927318294,0.4531024531024531,0.05787917194761301,0.10629067245119306,0.7,0.0
Kolkata,42809099999,in_domain,dual18(ref),126,0.06652734238941135,0.7093023255813954,0.4790575916230366,0.571875,0.030132583366813983,0.08986415882967608,0.8833333333333333,0.0
Kolkata,42809099999,temporal,dual18(ref),126,0.0784526391901663,0.5120274914089347,0.3900523560209424,0.4427934621099554,0.05956375838926174,0.1052060737527115,0.75,0.0
Kolkata,42809099999,station,dual18(ref),126,0.0777295733911786,0.519434628975265,0.38481675392670156,0.4421052631578947,0.05704697986577181,0.10231381055676067,0.75,0.0
Mumbai,43003099999,in_domain,baseline16,104,0.07881944444444444,0.5245901639344263,0.39603960396039606,0.4513399153737659,0.058562197092084003,0.10590277777777778,0.7666666666666667,0.0
Mumbai,43003099999,temporal,baseline16,104,0.07675675675675675,0.48375451263537905,0.33004926108374383,0.3923865300146413,0.06036302237230899,0.09981981981981981,0.75,0.0
Mumbai,43003099999,station,baseline16,104,0.07387387387387387,0.5,0.33004926108374383,0.39762611275964393,0.056563951034191644,0.09657657657657658,0.7166666666666667,0.0
Mumbai,43003099999,in_domain,baseline16,115,0.07881944444444444,0.49683544303797467,0.3925,0.43854748603351956,0.06411290322580646,0.10972222222222222,0.8,0.0
Mumbai,43003099999,temporal,baseline16,115,0.07675675675675675,0.4785714285714286,0.3333333333333333,0.39296187683284456,0.06152549515381374,0.1009009009009009,0.7166666666666667,0.0
Mumbai,43003099999,station,baseline16,115,0.07387387387387387,0.5019305019305019,0.32338308457711445,0.39334341906202724,0.05436156763590392,0.09333333333333334,0.6666666666666666,0.0
Mumbai,43003099999,in_domain,baseline16,126,0.07881944444444444,0.5374149659863946,0.41361256544502617,0.46745562130177515,0.0544435548438751,0.10208333333333333,0.8166666666666667,0.0
Mumbai,43003099999,temporal,baseline16,126,0.07675675675675675,0.4928571428571429,0.360313315926893,0.416289592760181,0.05936454849498328,0.1009009009009009,0.7,0.0
Mumbai,43003099999,station,baseline16,126,0.07387387387387387,0.48484848484848486,0.3342036553524804,0.3956723338485317,0.056856187290969896,0.09513513513513513,0.6833333333333333,0.0
Mumbai,43003099999,in_domain,clim_short17,104,0.07604166666666666,0.5972696245733788,0.43316831683168316,0.5021520803443329,0.04765751211631664,0.10173611111111111,0.85,0.0
Mumbai,43003099999,temporal,clim_short17,104,0.07423423423423424,0.4767025089605735,0.3275862068965517,0.3883211678832117,0.061629379485014776,0.10054054054054054,0.75,0.0
Mumbai,43003099999,station,clim_short17,104,0.07603603603603604,0.550185873605948,0.3645320197044335,0.43851851851851853,0.05107640354579992,0.09693693693693693,0.8333333333333334,0.0
Mumbai,43003099999,in_domain,clim_short17,115,0.07604166666666666,0.565625,0.4525,0.5027777777777778,0.05604838709677419,0.1111111111111111,0.8666666666666667,0.0
Mumbai,43003099999,temporal,clim_short17,115,0.07423423423423424,0.4894366197183099,0.34577114427860695,0.40524781341107874,0.06110408765276022,0.10234234234234234,0.7166666666666667,0.0
Mumbai,43003099999,station,clim_short17,115,0.07603603603603604,0.5186567164179104,0.34577114427860695,0.41492537313432837,0.05436156763590392,0.09657657657657658,0.7833333333333333,0.0
Mumbai,43003099999,in_domain,clim_short17,126,0.07604166666666666,0.5813148788927336,0.4397905759162304,0.5007451564828614,0.04843875100080064,0.10034722222222223,0.85,0.0
Mumbai,43003099999,temporal,clim_short17,126,0.07423423423423424,0.5148148148148148,0.3629242819843342,0.42572741194486985,0.054765886287625416,0.0972972972972973,0.6833333333333333,0.0
Mumbai,43003099999,station,clim_short17,126,0.07603603603603604,0.5280898876404494,0.3681462140992167,0.4338461538461538,0.052675585284280936,0.09621621621621622,0.75,0.0
Mumbai,43003099999,in_domain,dual18(ref),104,0.08125,0.6360424028268551,0.44554455445544555,0.5240174672489083,0.04159935379644588,0.09826388888888889,0.8333333333333334,0.0
Mumbai,43003099999,temporal,dual18(ref),104,0.08360360360360361,0.4826388888888889,0.34236453201970446,0.40057636887608067,0.06289573659772056,0.10378378378378378,0.8,0.0
Mumbai,43003099999,station,dual18(ref),104,0.08144144144144144,0.519298245614035,0.3645320197044335,0.4283646888567294,0.05783030814689742,0.10270270270270271,0.75,0.0
Mumbai,43003099999,in_domain,dual18(ref),115,0.08125,0.6078431372549019,0.465,0.5269121813031161,0.04838709677419355,0.10625,0.8166666666666667,0.0
Mumbai,43003099999,temporal,dual18(ref),115,0.08360360360360361,0.4523809523809524,0.3308457711442786,0.382183908045977,0.06784660766961652,0.10594594594594595,0.6666666666666666,0.0
Mumbai,43003099999,station,dual18(ref),115,0.08144144144144144,0.46689895470383275,0.3333333333333333,0.3889695210449927,0.06447534766118837,0.10342342342342342,0.6666666666666666,0.0
Mumbai,43003099999,in_domain,dual18(ref),126,0.08125,0.6048951048951049,0.45287958115183247,0.5179640718562875,0.04523618895116093,0.09930555555555555,0.8166666666666667,0.0
Mumbai,43003099999,temporal,dual18(ref),126,0.08360360360360361,0.47058823529411764,0.35509138381201044,0.40476190476190477,0.06396321070234114,0.10414414414414415,0.7333333333333333,0.0
Mumbai,43003099999,station,dual18(ref),126,0.08144144144144144,0.5112781954887218,0.35509138381201044,0.41910631741140214,0.05434782608695652,0.09585585585585586,0.7166666666666667,0.0
Chennai,43279099999,in_domain,baseline16,104,0.06880894166957736,0.5515873015873016,0.34405940594059403,0.42378048780487804,0.045953639690931275,0.08801955990220049,0.7,0.0
Chennai,43279099999,temporal,baseline16,104,0.07238995998544925,0.5018315018315018,0.33910891089108913,0.40472673559822747,0.05799573560767591,0.09930883957802837,0.7166666666666667,0.0
Chennai,43279099999,station,baseline16,104,0.06875227355401964,0.5373134328358209,0.3564356435643564,0.42857142857142855,0.05287846481876333,0.09748999636231356,0.75,0.0
Chennai,43279099999,in_domain,baseline16,115,0.06880894166957736,0.55,0.3583959899749373,0.4339908952959029,0.04748376623376623,0.09081383164512749,0.7666666666666667,0.0
Chennai,43279099999,temporal,baseline16,115,0.07238995998544925,0.49224806201550386,0.3167082294264339,0.38543247344461307,0.05579216354344123,0.09385230993088396,0.6666666666666666,0.0
Chennai,43279099999,station,baseline16,115,0.06875227355401964,0.5119047619047619,0.32169576059850374,0.39509954058192953,0.05238500851788756,0.09166969807202618,0.6666666666666666,0.0
Chennai,43279099999,in_domain,baseline16,126,0.06880894166957736,0.5803921568627451,0.3884514435695538,0.46540880503144655,0.04311039484286865,0.08906741180579811,0.8166666666666667,0.0
Chennai,43279099999,temporal,baseline16,126,0.07238995998544925,0.49416342412451364,0.3324607329842932,0.3974960876369327,0.05492184199408534,0.09348854128774099,0.65,0.0
Chennai,43279099999,station,baseline16,126,0.06875227355401964,0.49612403100775193,0.33507853403141363,0.4,0.05492184199408534,0.09385230993088396,0.6833333333333333,0.0
Chennai,43279099999,in_domain,clim_short17,104,0.06776108976597975,0.6181102362204725,0.3886138613861386,0.47720364741641336,0.03944692964619764,0.08871812783793225,0.8,0.0
Chennai,43279099999,temporal,clim_short17,104,0.07166242269916333,0.5342960288808665,0.36633663366336633,0.434654919236417,0.055010660980810235,0.10076391415060022,0.75,0.0
Chennai,43279099999,station,clim_short17,104,0.0756638777737359,0.5172413793103449,0.3712871287128713,0.4322766570605187,0.05970149253731343,0.1054929065114587,0.7666666666666667,0.0
Chennai,43279099999,in_domain,clim_short17,115,0.06776108976597975,0.5893536121673004,0.38847117794486213,0.46827794561933533,0.04383116883116883,0.09186168354872512,0.8166666666666667,0.0
Chennai,43279099999,temporal,clim_short17,115,0.07166242269916333,0.503731343283582,0.33665835411471323,0.40358744394618834,0.056643952299829645,0.09748999636231356,0.7,0.0
Chennai,43279099999,station,clim_short17,115,0.0756638777737359,0.4708029197080292,0.32169576059850374,0.38222222222222224,0.061754684838160136,0.09967260822117134,0.6833333333333333,0.0
Chennai,43279099999,in_domain,clim_short17,126,0.06776108976597975,0.61328125,0.4120734908136483,0.49293563579277866,0.039887187751813054,0.08941669577366398,0.9,0.0
Chennai,43279099999,temporal,clim_short17,126,0.07166242269916333,0.5241635687732342,0.36910994764397903,0.43317972350230416,0.05407689057879172,0.09785376500545653,0.7833333333333333,0.0
Chennai,43279099999,station,clim_short17,126,0.0756638777737359,0.5132075471698113,0.35602094240837695,0.42040185471406494,0.05449936628643853,0.09639869043288468,0.7333333333333333,0.0
Chennai,43279099999,in_domain,dual18(ref),104,0.06845965770171149,0.6842105263157895,0.4183168316831683,0.5192012288786483,0.03172021146807645,0.08627314006287111,0.8333333333333334,0.0
Chennai,43279099999,temporal,dual18(ref),104,0.08330301927973809,0.4916387959866221,0.36386138613861385,0.4182076813655761,0.064818763326226,0.10876682429974537,0.7,0.0
Chennai,43279099999,station,dual18(ref),104,0.07893779556202256,0.5051546391752577,0.36386138613861385,0.42302158273381296,0.06140724946695096,0.10585667515460168,0.7166666666666667,0.0
Chennai,43279099999,in_domain,dual18(ref),115,0.06845965770171149,0.6528301886792452,0.43358395989974935,0.5210843373493976,0.037337662337662336,0.09256025148445686,0.85,0.0
Chennai,43279099999,temporal,dual18(ref),115,0.08330301927973809,0.4452296819787986,0.314214463840399,0.3684210526315789,0.06686541737649063,0.10294652600945799,0.7166666666666667,0.0
Chennai,43279099999,station,dual18(ref),115,0.07893779556202256,0.45387453874538747,0.30673316708229426,0.36607142857142855,0.06303236797274275,0.09858130229174245,0.6833333333333333,0.0
Chennai,43279099999,in_domain,dual18(ref),126,0.06845965770171149,0.7063492063492064,0.4671916010498688,0.5624012638230648,0.029814665592264304,0.08801955990220049,0.8666666666666667,0.0
Chennai,43279099999,temporal,dual18(ref),126,0.08330301927973809,0.4927007299270073,0.35340314136125656,0.4115853658536585,0.05872412336290663,0.09967260822117134,0.7333333333333333,0.0
Chennai,43279099999,station,dual18(ref),126,0.07893779556202256,0.5272727272727272,0.3795811518324607,0.441400304414003,0.05492184199408534,0.1000363768643143,0.75,0.0
Thiruvananthapuram,43371099999,in_domain,baseline16,104,0.07443478260869565,0.5882352941176471,0.4228855721393035,0.492040520984081,0.048119692680954305,0.10052173913043479,0.8166666666666667,0.0
Thiruvananthapuram,43371099999,temporal,baseline16,104,0.06567489114658925,0.5020242914979757,0.3054187192118227,0.37978560490045943,0.0523404255319149,0.08962264150943396,0.6666666666666666,0.0
Thiruvananthapuram,43371099999,station,baseline16,104,0.06821480406386067,0.5291828793774319,0.33497536945812806,0.41025641025641024,0.05148936170212766,0.09325108853410741,0.75,0.0
Thiruvananthapuram,43371099999,in_domain,baseline16,115,0.07443478260869565,0.5466666666666666,0.41,0.4685714285714286,0.05494949494949495,0.10434782608695652,0.8166666666666667,0.0
Thiruvananthapuram,43371099999,temporal,baseline16,115,0.06567489114658925,0.5229007633587787,0.3425,0.41389728096676737,0.05305602716468591,0.09506531204644413,0.65,0.0
Thiruvananthapuram,43371099999,station,baseline16,115,0.06821480406386067,0.5,0.3275,0.3957703927492447,0.05560271646859083,0.09506531204644413,0.6333333333333333,0.0
Thiruvananthapuram,43371099999,in_domain,baseline16,126,0.07443478260869565,0.5267175572519084,0.36220472440944884,0.42923794712286156,0.04971932638331997,0.0911304347826087,0.7333333333333333,0.0
Thiruvananthapuram,43371099999,temporal,baseline16,126,0.06567489114658925,0.5182186234817814,0.33507853403141363,0.4069952305246423,0.05012636899747262,0.08962264150943396,0.7,0.0
Thiruvananthapuram,43371099999,station,baseline16,126,0.06821480406386067,0.5461847389558233,0.35602094240837695,0.43106180665610144,0.04759898904802022,0.09034833091436865,0.7333333333333333,0.0
Thiruvananthapuram,43371099999,in_domain,clim_short17,104,0.07165217391304347,0.6056338028169014,0.42786069651741293,0.5014577259475219,0.04528912252325111,0.09878260869565217,0.8333333333333334,0.0
Thiruvananthapuram,43371099999,temporal,clim_short17,104,0.0758345428156749,0.4942084942084942,0.31527093596059114,0.3849624060150376,0.05574468085106383,0.09397677793904209,0.7333333333333333,0.0
Thiruvananthapuram,43371099999,station,clim_short17,104,0.068577648766328,0.5354330708661418,0.33497536945812806,0.4121212121212121,0.05021276595744681,0.09216255442670537,0.7166666666666667,0.0
Thiruvananthapuram,43371099999,in_domain,clim_short17,115,0.07165217391304347,0.6132404181184669,0.44,0.512372634643377,0.044848484848484846,0.09982608695652175,0.8833333333333333,0.0
Thiruvananthapuram,43371099999,temporal,clim_short17,115,0.0758345428156749,0.5384615384615384,0.35,0.42424242424242425,0.050933786078098474,0.09433962264150944,0.65,0.0
Thiruvananthapuram,43371099999,station,clim_short17,115,0.068577648766328,0.5587044534412956,0.345,0.4265842349304482,0.04626485568760611,0.08962264150943396,0.7,0.0
Thiruvananthapuram,43371099999,in_domain,clim_short17,126,0.07165217391304347,0.5613382899628253,0.3963254593175853,0.4646153846153846,0.04731355252606255,0.09356521739130434,0.8166666666666667,0.0
Thiruvananthapuram,43371099999,temporal,clim_short17,126,0.0758345428156749,0.5163934426229508,0.3298429319371728,0.402555910543131,0.04970513900589722,0.08853410740203194,0.7166666666666667,0.0
Thiruvananthapuram,43371099999,station,clim_short17,126,0.068577648766328,0.5720164609053497,0.36387434554973824,0.4448,0.04380791912384162,0.08817126269956459,0.7,0.0
Thiruvananthapuram,43371099999,in_domain,dual18(ref),104,0.06991304347826087,0.6890459363957597,0.48507462686567165,0.5693430656934306,0.03558431055398301,0.09843478260869565,0.8833333333333333,0.0
Thiruvananthapuram,43371099999,temporal,dual18(ref),104,0.07982583454281568,0.45018450184501846,0.30049261083743845,0.3604135893648449,0.06340425531914894,0.09833091436865021,0.7,0.0
Thiruvananthapuram,43371099999,station,dual18(ref),104,0.07873730043541365,0.4888888888888889,0.3251231527093596,0.3905325443786982,0.05872340425531915,0.09796806966618288,0.6833333333333333,0.0
Thiruvananthapuram,43371099999,in_domain,dual18(ref),115,0.06991304347826087,0.6737588652482269,0.475,0.5571847507331378,0.037171717171717175,0.09808695652173913,0.85,0.0
Thiruvananthapuram,43371099999,temporal,dual18(ref),115,0.07982583454281568,0.4843205574912892,0.3475,0.40465793304221254,0.06281833616298811,0.10413642960812772,0.65,0.0
Thiruvananthapuram,43371099999,station,dual18(ref),115,0.07873730043541365,0.5111940298507462,0.3425,0.4101796407185629,0.05560271646859083,0.09724238026124818,0.65,0.0
Thiruvananthapuram,43371099999,in_domain,dual18(ref),126,0.06991304347826087,0.6944444444444444,0.45931758530183725,0.5529225908372828,0.030874097834803528,0.08765217391304347,0.8666666666666667,0.0
Thiruvananthapuram,43371099999,temporal,dual18(ref),126,0.07982583454281568,0.4867924528301887,0.337696335078534,0.3987635239567233,0.05728727885425442,0.09615384615384616,0.7166666666666667,0.0
Thiruvananthapuram,43371099999,station,dual18(ref),126,0.07873730043541365,0.5328185328185329,0.3612565445026178,0.43057722308892354,0.050968828980623423,0.09397677793904209,0.7,0.0
