kind,variable,sigma,episodes,episode_recall,row_rate,margin,score_delta
bias,rh_pct,0.5,30,0.6,0.0774,-0.0398,0.0056
bias,rh_pct,1.0,30,0.6,0.1131,-0.0324,0.014
bias,rh_pct,1.5,30,0.7667,0.1641,-0.025,0.0224
bias,rh_pct,2.0,30,0.8667,0.2138,-0.0201,0.0288
bias,rh_pct,3.0,30,1.0,0.4336,-0.0148,0.0369
bias,rh_pct,4.0,30,1.0,0.6729,-0.0116,0.0416
bias,slp_hpa,0.5,30,0.5667,0.0854,-0.0416,0.0042
bias,slp_hpa,1.0,30,0.6667,0.1312,-0.0349,0.0122
bias,slp_hpa,1.5,30,0.8,0.1833,-0.0281,0.0215
bias,slp_hpa,2.0,30,0.8333,0.2354,-0.0214,0.0302
bias,slp_hpa,3.0,30,1.0,0.3396,-0.0121,0.044
bias,slp_hpa,4.0,30,1.0,0.4,-0.0072,0.0534
bias,temp_c,0.5,30,0.7,0.1208,-0.0383,0.0081
bias,temp_c,1.0,30,0.6667,0.1604,-0.0281,0.019
bias,temp_c,1.5,30,0.8667,0.2062,-0.0204,0.028
bias,temp_c,2.0,30,0.9,0.2542,-0.0158,0.0343
bias,temp_c,3.0,30,1.0,0.325,-0.0119,0.0417
bias,temp_c,4.0,30,1.0,0.3521,-0.0095,0.0457
drift,rh_pct,0.5,30,0.5,0.0729,-0.0433,0.0019
drift,rh_pct,1.0,30,0.5,0.0792,-0.0393,0.006
drift,rh_pct,1.5,30,0.6333,0.0961,-0.035,0.0105
drift,rh_pct,2.0,30,0.7,0.1298,-0.031,0.015
drift,rh_pct,3.0,30,0.8333,0.201,-0.0252,0.0219
drift,rh_pct,4.0,30,0.9333,0.3184,-0.0222,0.0262
drift,slp_hpa,0.5,30,0.5667,0.0812,-0.0439,0.0016
drift,slp_hpa,1.0,30,0.6,0.1062,-0.0404,0.0056
drift,slp_hpa,1.5,30,0.6333,0.1229,-0.0357,0.0111
drift,slp_hpa,2.0,30,0.6667,0.1521,-0.031,0.0166
drift,slp_hpa,3.0,30,0.9,0.2438,-0.0222,0.0271
drift,slp_hpa,4.0,30,1.0,0.3125,-0.015,0.0368
drift,temp_c,0.5,30,0.6,0.0917,-0.0418,0.0037
drift,temp_c,1.0,30,0.6333,0.1188,-0.0361,0.0098
drift,temp_c,1.5,30,0.8,0.1479,-0.0304,0.0161
drift,temp_c,2.0,30,0.8667,0.1958,-0.0259,0.0214
drift,temp_c,3.0,30,0.9667,0.2646,-0.0194,0.0302
drift,temp_c,4.0,30,1.0,0.3083,-0.0148,0.0361
