episode_id,fault_type,variable,start_idx,end_idx,first_modified_idx,last_modified_idx,start,end,window_obs,n_modified,local_sigma,detail
0,spike,temp_c,261,261,261,261,2023-02-03 00:00:00,2023-02-03 00:00:00,1,1,4.5566,+19.67 single point (4.3x local sigma)
1,spike,temp_c,2209,2209,2209,2209,2023-10-08 15:00:00,2023-10-08 15:00:00,1,1,4.7762,+26.63 single point (5.6x local sigma)
2,spike,temp_c,252,252,252,252,2023-02-01 21:00:00,2023-02-01 21:00:00,1,1,4.7831,+15.70 single point (3.3x local sigma)
3,spike,slp_hpa,1991,1991,1991,1991,2023-09-10 00:00:00,2023-09-10 00:00:00,1,1,2.4092,+14.28 single point (5.9x local sigma)
4,spike,slp_hpa,2100,2100,2100,2100,2023-09-24 00:00:00,2023-09-24 00:00:00,1,1,2.4092,+12.91 single point (5.4x local sigma)
5,spike,slp_hpa,2172,2172,2172,2172,2023-10-03 18:00:00,2023-10-03 18:00:00,1,1,2.4092,+8.15 single point (3.4x local sigma)
6,spike,rh_pct,2396,2396,2396,2396,2023-11-01 09:00:00,2023-11-01 09:00:00,1,1,21.3683,+87.87 single point (4.1x local sigma)
7,spike,rh_pct,1288,1288,1288,1288,2023-06-12 21:00:00,2023-06-12 21:00:00,1,1,13.8415,+80.01 single point (5.8x local sigma)
8,spike,rh_pct,2230,2230,2230,2230,2023-10-11 09:00:00,2023-10-11 09:00:00,1,1,17.7183,+96.89 single point (5.5x local sigma)
9,spike,temp_c,1839,1839,1839,1839,2023-08-21 15:00:00,2023-08-21 15:00:00,1,1,2.8428,-12.31 single point (4.3x local sigma)
10,spike,temp_c,1289,1289,1289,1289,2023-06-13 00:00:00,2023-06-13 00:00:00,1,1,3.9721,-18.52 single point (4.7x local sigma)
11,spike,temp_c,654,654,654,654,2023-03-24 12:00:00,2023-03-24 12:00:00,1,1,4.41,-14.07 single point (3.2x local sigma)
12,spike,slp_hpa,2448,2448,2448,2448,2023-11-08 00:00:00,2023-11-08 00:00:00,1,1,2.4092,-11.79 single point (4.9x local sigma)
13,spike,slp_hpa,2361,2361,2361,2361,2023-10-28 00:00:00,2023-10-28 00:00:00,1,1,2.4092,-12.71 single point (5.3x local sigma)
14,spike,slp_hpa,2000,2000,2000,2000,2023-09-11 03:00:00,2023-09-11 03:00:00,1,1,2.4092,-14.24 single point (5.9x local sigma)
15,spike,rh_pct,1016,1016,1016,1016,2023-05-09 09:00:00,2023-05-09 09:00:00,1,1,20.112,-114.22 single point (5.7x local sigma)
16,spike,rh_pct,1936,1936,1936,1936,2023-09-03 03:00:00,2023-09-03 03:00:00,1,1,12.8778,-46.15 single point (3.6x local sigma)
17,spike,rh_pct,2221,2221,2221,2221,2023-10-10 03:00:00,2023-10-10 03:00:00,1,1,18.1299,-79.77 single point (4.4x local sigma)
18,spike,temp_c,132,133,132,133,2023-01-17 21:00:00,2023-01-18 00:00:00,2,2,4.9243,transient +19.89 decaying x0.45 over 2 obs (4.0x local sigma)
19,spike,temp_c,2629,2631,2629,2631,2023-12-01 03:00:00,2023-12-01 09:00:00,3,3,3.9011,transient +26.86 decaying x0.45 over 3 obs (6.9x local sigma)
20,spike,slp_hpa,934,935,934,935,2023-04-29 00:00:00,2023-04-29 03:00:00,2,2,2.4092,transient -11.56 decaying x0.45 over 2 obs (4.8x local sigma)
21,spike,slp_hpa,2270,2271,2270,2271,2023-10-16 09:00:00,2023-10-16 12:00:00,2,2,2.6545,transient -10.50 decaying x0.45 over 2 obs (4.0x local sigma)
22,spike,rh_pct,1359,1361,1359,1361,2023-06-21 21:00:00,2023-06-22 03:00:00,3,3,13.8059,transient +59.29 decaying x0.45 over 3 obs (4.3x local sigma)
23,spike,rh_pct,2680,2682,2680,2682,2023-12-07 15:00:00,2023-12-07 21:00:00,3,3,18.1077,transient -116.15 decaying x0.45 over 3 obs (6.4x local sigma)
24,drift,temp_c,283,296,283,296,2023-02-05 18:00:00,2023-02-07 09:00:00,14,14,5.1975,linear ramp -> -16.45 over 14 obs (3.2x local sigma)
25,drift,slp_hpa,2287,2299,2287,2299,2023-10-18 18:00:00,2023-10-20 06:00:00,13,13,2.5723,linear ramp -> +5.85 over 13 obs (2.3x local sigma)
26,drift,rh_pct,686,697,686,697,2023-03-28 15:00:00,2023-03-30 03:00:00,12,12,20.1572,linear ramp -> +35.87 over 12 obs (1.8x local sigma)
27,drift,temp_c,573,587,573,587,2023-03-14 09:00:00,2023-03-16 03:00:00,15,15,4.9492,accelerating(^1.6) ramp -> +9.97 over 15 obs (2.0x local sigma)
28,drift,slp_hpa,1889,1903,1889,1903,2023-08-28 03:00:00,2023-08-29 21:00:00,15,15,2.4819,accelerating(^1.6) ramp -> -8.46 over 15 obs (3.4x local sigma)
29,drift,rh_pct,1580,1594,1580,1594,2023-07-19 18:00:00,2023-07-21 15:00:00,15,15,11.9841,accelerating(^1.6) ramp -> -37.60 over 15 obs (3.1x local sigma)
30,bias,temp_c,404,411,404,411,2023-02-20 21:00:00,2023-02-21 18:00:00,8,8,5.6822,+5.20 step offset held 8 obs (0.9x local sigma)
31,bias,slp_hpa,1862,1872,1862,1872,2023-08-24 12:00:00,2023-08-25 21:00:00,11,11,2.4092,+3.29 step offset held 11 obs (1.4x local sigma)
32,bias,rh_pct,232,242,232,242,2023-01-30 09:00:00,2023-01-31 15:00:00,11,9,19.3652,+27.78 step offset held 11 obs (1.4x local sigma)
33,bias,temp_c,1609,1621,1609,1621,2023-07-23 15:00:00,2023-07-25 03:00:00,13,13,3.0556,"-4.15 offset, ramped in over 4 obs, held 13 obs (1.4x local sigma)"
34,bias,slp_hpa,869,879,869,879,2023-04-20 21:00:00,2023-04-22 03:00:00,11,11,3.0234,"-2.51 offset, ramped in over 4 obs, held 11 obs (0.8x local sigma)"
35,bias,rh_pct,1246,1255,1246,1255,2023-06-07 15:00:00,2023-06-08 18:00:00,10,10,14.1361,"-14.34 offset, ramped in over 4 obs, held 10 obs (1.0x local sigma)"
36,stuck_at,temp_c,1167,1173,1167,1173,2023-05-28 09:00:00,2023-05-29 03:00:00,7,7,4.5498,frozen at last valid value 32.40 for 7 obs
37,stuck_at,slp_hpa,2428,2436,2428,2436,2023-11-05 09:00:00,2023-11-06 09:00:00,9,8,2.4092,frozen at last valid value 1014.30 for 9 obs
38,stuck_at,rh_pct,672,677,672,677,2023-03-26 21:00:00,2023-03-27 12:00:00,6,6,20.3286,frozen at last valid value 67.43 for 6 obs
39,stuck_at,temp_c,173,186,173,186,2023-01-23 00:00:00,2023-01-24 15:00:00,14,14,4.5397,frozen at last valid value 11.20 for 14 obs
40,stuck_at,slp_hpa,804,817,804,817,2023-04-12 15:00:00,2023-04-14 06:00:00,14,13,3.1927,frozen at last valid value 1007.70 for 14 obs
41,stuck_at,rh_pct,839,852,839,852,2023-04-17 00:00:00,2023-04-18 15:00:00,14,14,15.8846,frozen at last valid value 61.23 for 14 obs
42,noise_burst,temp_c,366,375,366,375,2023-02-16 03:00:00,2023-02-17 06:00:00,10,10,5.4427,"low noise, sigma=4.94 (0.9x local sigma), 10 obs, mean preserved"
43,noise_burst,slp_hpa,2667,2676,2667,2676,2023-12-06 00:00:00,2023-12-07 03:00:00,10,10,2.4092,"low noise, sigma=2.14 (0.9x local sigma), 10 obs, mean preserved"
44,noise_burst,rh_pct,1305,1312,1305,1312,2023-06-15 00:00:00,2023-06-16 00:00:00,8,8,15.1848,"low noise, sigma=14.47 (1.0x local sigma), 8 obs, mean preserved"
45,noise_burst,temp_c,2054,2062,2054,2062,2023-09-17 21:00:00,2023-09-18 21:00:00,9,9,3.0226,"medium noise, sigma=5.84 (1.9x local sigma), 9 obs, mean preserved"
46,noise_burst,slp_hpa,2156,2164,2156,2164,2023-10-01 15:00:00,2023-10-02 18:00:00,9,9,2.4092,"medium noise, sigma=3.96 (1.6x local sigma), 9 obs, mean preserved"
47,noise_burst,rh_pct,1744,1753,1744,1753,2023-08-09 15:00:00,2023-08-10 18:00:00,10,10,10.6259,"medium noise, sigma=17.34 (1.6x local sigma), 10 obs, mean preserved"
48,intermittent_spikes,temp_c,2706,2721,2710,2719,2023-12-10 21:00:00,2023-12-12 18:00:00,16,3,5.8289,"3 intermittent spikes at offsets [4, 8, 13] (min gap 2) over a 16-obs window"
49,intermittent_spikes,temp_c,315,328,316,328,2023-02-09 18:00:00,2023-02-11 09:00:00,14,4,5.2073,"4 intermittent spikes at offsets [1, 3, 9, 13] (min gap 2) over a 14-obs window"
50,intermittent_spikes,slp_hpa,885,899,889,899,2023-04-22 21:00:00,2023-04-24 15:00:00,15,4,3.0618,"4 intermittent spikes at offsets [4, 6, 12, 14] (min gap 2) over a 15-obs window"
51,intermittent_spikes,slp_hpa,135,149,137,149,2023-01-18 06:00:00,2023-01-20 00:00:00,15,3,2.4092,"3 intermittent spikes at offsets [2, 6, 14] (min gap 2) over a 15-obs window"
52,intermittent_spikes,rh_pct,902,916,907,913,2023-04-25 00:00:00,2023-04-26 18:00:00,15,3,17.8193,"3 intermittent spikes at offsets [5, 9, 11] (min gap 2) over a 15-obs window"
53,intermittent_spikes,rh_pct,2691,2703,2691,2701,2023-12-09 00:00:00,2023-12-10 12:00:00,13,3,20.6767,"3 intermittent spikes at offsets [0, 2, 10] (min gap 2) over a 13-obs window"
54,drift_plus_noise,temp_c,2761,2772,2761,2772,2023-12-17 18:00:00,2023-12-19 03:00:00,12,12,5.5058,linear ramp -> -12.39 over 12 obs (2.3x local sigma) + medium noise growing to sigma=6.61
55,drift_plus_noise,slp_hpa,2348,2358,2348,2358,2023-10-26 09:00:00,2023-10-27 15:00:00,11,11,2.4092,linear ramp -> -4.06 over 11 obs (1.7x local sigma) + medium noise growing to sigma=2.89
56,drift_plus_noise,rh_pct,2127,2141,2127,2141,2023-09-27 09:00:00,2023-09-29 15:00:00,15,15,17.7409,linear ramp -> -52.32 over 15 obs (2.9x local sigma) + medium noise growing to sigma=21.29
57,bias_plus_spikes,temp_c,2462,2477,2462,2477,2023-11-09 18:00:00,2023-11-11 15:00:00,16,16,4.8708,"+5.67 step offset held 16 obs (1.2x local sigma) + 2 intermittent spikes at offsets [4, 15] (min gap 3) over a 16-obs window"
58,bias_plus_spikes,slp_hpa,1693,1702,1693,1702,2023-08-03 03:00:00,2023-08-04 06:00:00,10,10,2.4092,"-2.21 step offset held 10 obs (0.9x local sigma) + 3 intermittent spikes at offsets [0, 3, 9] (min gap 3) over a 10-obs window"
59,bias_plus_spikes,rh_pct,1122,1135,1122,1135,2023-05-22 18:00:00,2023-05-24 09:00:00,14,14,17.4038,"+18.35 step offset held 14 obs (1.1x local sigma) + 3 intermittent spikes at offsets [0, 7, 10] (min gap 3) over a 14-obs window"
