episode_id,fault_type,variable,n_modified,detected,delay_obs
0,spike,temp_c,1,True,0.0
1,spike,temp_c,1,True,0.0
2,spike,temp_c,1,False,
3,spike,slp_hpa,1,True,0.0
4,spike,slp_hpa,1,True,0.0
5,spike,slp_hpa,1,True,0.0
6,spike,rh_pct,1,True,0.0
7,spike,rh_pct,1,True,0.0
8,spike,rh_pct,1,True,0.0
9,spike,temp_c,1,True,0.0
10,spike,temp_c,1,True,0.0
11,spike,temp_c,1,True,0.0
12,spike,slp_hpa,1,True,0.0
13,spike,slp_hpa,1,True,0.0
14,spike,slp_hpa,1,True,0.0
15,spike,rh_pct,1,False,
16,spike,rh_pct,1,True,0.0
17,spike,rh_pct,1,True,0.0
18,spike,temp_c,2,True,0.0
19,spike,temp_c,3,True,0.0
20,spike,slp_hpa,2,True,0.0
21,spike,slp_hpa,2,True,0.0
22,spike,rh_pct,3,False,
23,spike,rh_pct,3,True,0.0
24,drift,temp_c,14,True,11.0
25,drift,slp_hpa,13,True,12.0
26,drift,rh_pct,12,True,5.0
27,drift,temp_c,15,True,7.0
28,drift,slp_hpa,15,True,14.0
29,drift,rh_pct,15,True,6.0
30,bias,temp_c,8,True,3.0
31,bias,slp_hpa,11,False,
32,bias,rh_pct,9,True,0.0
33,bias,temp_c,13,False,
34,bias,slp_hpa,11,False,
35,bias,rh_pct,10,True,4.0
36,stuck_at,temp_c,7,True,0.0
37,stuck_at,slp_hpa,8,True,0.0
38,stuck_at,rh_pct,6,False,
39,stuck_at,temp_c,14,True,0.0
40,stuck_at,slp_hpa,13,True,0.0
41,stuck_at,rh_pct,14,True,0.0
42,noise_burst,temp_c,10,False,
43,noise_burst,slp_hpa,10,True,4.0
44,noise_burst,rh_pct,8,True,7.0
45,noise_burst,temp_c,9,True,1.0
46,noise_burst,slp_hpa,9,True,0.0
47,noise_burst,rh_pct,10,True,0.0
48,intermittent_spikes,temp_c,3,True,0.0
49,intermittent_spikes,temp_c,4,True,2.0
50,intermittent_spikes,slp_hpa,4,True,0.0
51,intermittent_spikes,slp_hpa,3,True,0.0
52,intermittent_spikes,rh_pct,3,True,0.0
53,intermittent_spikes,rh_pct,3,True,0.0
54,drift_plus_noise,temp_c,12,True,11.0
55,drift_plus_noise,slp_hpa,11,True,6.0
56,drift_plus_noise,rh_pct,15,True,7.0
57,bias_plus_spikes,temp_c,16,True,4.0
58,bias_plus_spikes,slp_hpa,10,True,0.0
59,bias_plus_spikes,rh_pct,14,True,0.0
