condition,variable,sigma,onset,seed,precision,recall,f1,episode_recall,alert_rate,delay_obs
A baseline (16),temp_c,0.5,step,44,0.03636363636363636,0.05,0.042105263157894736,0.6,0.07689619014330654,11.0
B +acc_w4 (17),temp_c,0.5,step,44,0.06550218340611354,0.09375,0.07712082262210797,0.7,0.0800419433764418,10.0
C +clim_short (17),temp_c,0.5,step,44,0.06880733944954129,0.09375,0.07936507936507936,0.8,0.07619713386927647,12.0
D dual-timescale (18),temp_c,0.5,step,44,0.11467889908256881,0.15625,0.13227513227513227,0.7,0.07619713386927647,7.0
A baseline (16),temp_c,0.5,step,55,0.12272727272727273,0.16875,0.14210526315789473,0.8,0.07689619014330654,3.5
B +acc_w4 (17),temp_c,0.5,step,55,0.12556053811659193,0.175,0.1462140992167102,0.6,0.07794477455435163,2.5
C +clim_short (17),temp_c,0.5,step,55,0.14035087719298245,0.2,0.16494845360824742,0.7,0.07969241523942677,5.0
D dual-timescale (18),temp_c,0.5,step,55,0.1642512077294686,0.2125,0.18528610354223432,0.8,0.07235232436211116,3.0
A baseline (16),temp_c,0.5,step,66,0.08636363636363636,0.11875,0.1,0.6,0.07689619014330654,6.0
B +acc_w4 (17),temp_c,0.5,step,66,0.13983050847457626,0.20625,0.16666666666666666,0.7,0.08248864033554701,8.0
C +clim_short (17),temp_c,0.5,step,66,0.1504424778761062,0.2125,0.17616580310880828,0.7,0.07899335896539672,4.0
D dual-timescale (18),temp_c,0.5,step,66,0.1477832512315271,0.1875,0.1652892561983471,0.7,0.07095421181405102,4.0
A baseline (16),temp_c,0.5,ramp,44,0.03636363636363636,0.05,0.042105263157894736,0.6,0.07689619014330654,11.0
B +acc_w4 (17),temp_c,0.5,ramp,44,0.06926406926406926,0.1,0.08184143222506395,0.8,0.08074099965047186,7.5
C +clim_short (17),temp_c,0.5,ramp,44,0.06880733944954129,0.09375,0.07936507936507936,0.8,0.07619713386927647,12.0
D dual-timescale (18),temp_c,0.5,ramp,44,0.1141552511415525,0.15625,0.13192612137203166,0.7,0.07654666200629151,7.0
A baseline (16),temp_c,0.5,ramp,55,0.10648148148148148,0.14375,0.12234042553191489,0.7,0.07549807759524642,7.0
B +acc_w4 (17),temp_c,0.5,ramp,55,0.1210762331838565,0.16875,0.1409921671018277,0.7,0.07794477455435163,7.0
C +clim_short (17),temp_c,0.5,ramp,55,0.13537117903930132,0.19375,0.15938303341902313,0.7,0.0800419433764418,5.0
D dual-timescale (18),temp_c,0.5,ramp,55,0.15639810426540285,0.20625,0.1778975741239892,0.7,0.07375043691017127,4.0
A baseline (16),temp_c,0.5,ramp,66,0.0821917808219178,0.1125,0.09498680738786279,0.6,0.07654666200629151,7.0
B +acc_w4 (17),temp_c,0.5,ramp,66,0.125,0.18125,0.14795918367346939,0.7,0.08109052778748689,8.0
C +clim_short (17),temp_c,0.5,ramp,66,0.13513513513513514,0.1875,0.15706806282722513,0.7,0.0775952464173366,8.0
D dual-timescale (18),temp_c,0.5,ramp,66,0.1306532663316583,0.1625,0.14484679665738162,0.7,0.0695560992659909,7.0
A baseline (16),temp_c,1.0,step,44,0.09417040358744394,0.13125,0.10966057441253264,0.9,0.07794477455435163,5.0
B +acc_w4 (17),temp_c,1.0,step,44,0.21428571428571427,0.31875,0.2562814070351759,1.0,0.08318769660957707,2.0
C +clim_short (17),temp_c,1.0,step,44,0.23893805309734514,0.3375,0.27979274611398963,1.0,0.07899335896539672,2.5
D dual-timescale (18),temp_c,1.0,step,44,0.27232142857142855,0.38125,0.3177083333333333,1.0,0.07829430269136665,2.5
A baseline (16),temp_c,1.0,step,55,0.16055045871559634,0.21875,0.18518518518518517,0.8,0.07619713386927647,0.0
B +acc_w4 (17),temp_c,1.0,step,55,0.22707423580786026,0.325,0.26735218508997427,0.9,0.0800419433764418,1.0
C +clim_short (17),temp_c,1.0,step,55,0.23931623931623933,0.35,0.28426395939086296,0.9,0.08178958406151696,0.0
D dual-timescale (18),temp_c,1.0,step,55,0.3004694835680751,0.4,0.34316353887399464,0.9,0.07444949318420133,0.0
A baseline (16),temp_c,1.0,step,66,0.14545454545454545,0.2,0.16842105263157894,0.6,0.07689619014330654,3.0
B +acc_w4 (17),temp_c,1.0,step,66,0.21551724137931033,0.3125,0.25510204081632654,0.8,0.08109052778748689,4.0
C +clim_short (17),temp_c,1.0,step,66,0.2361111111111111,0.31875,0.2712765957446808,0.8,0.07549807759524642,2.5
D dual-timescale (18),temp_c,1.0,step,66,0.2647058823529412,0.3375,0.2967032967032967,0.7,0.07130373995106606,1.0
A baseline (16),temp_c,1.0,ramp,44,0.08968609865470852,0.125,0.10443864229765012,0.9,0.07794477455435163,5.0
B +acc_w4 (17),temp_c,1.0,ramp,44,0.19313304721030042,0.28125,0.22900763358778625,0.9,0.08144005592450192,5.0
C +clim_short (17),temp_c,1.0,ramp,44,0.2290748898678414,0.325,0.268733850129199,1.0,0.07934288710241175,4.0
D dual-timescale (18),temp_c,1.0,ramp,44,0.248868778280543,0.34375,0.2887139107611549,1.0,0.07724571828032156,4.0
A baseline (16),temp_c,1.0,ramp,55,0.14545454545454545,0.2,0.16842105263157894,0.8,0.07689619014330654,4.5
B +acc_w4 (17),temp_c,1.0,ramp,55,0.20689655172413793,0.3,0.24489795918367346,0.7,0.08109052778748689,5.0
C +clim_short (17),temp_c,1.0,ramp,55,0.21551724137931033,0.3125,0.25510204081632654,0.8,0.08109052778748689,3.5
D dual-timescale (18),temp_c,1.0,ramp,55,0.26291079812206575,0.35,0.3002680965147453,0.9,0.07444949318420133,2.0
A baseline (16),temp_c,1.0,ramp,66,0.14349775784753363,0.2,0.1671018276762402,0.6,0.07794477455435163,4.0
B +acc_w4 (17),temp_c,1.0,ramp,66,0.20869565217391303,0.3,0.24615384615384617,0.8,0.08039147151345684,5.5
C +clim_short (17),temp_c,1.0,ramp,66,0.2318181818181818,0.31875,0.26842105263157895,0.8,0.07689619014330654,5.5
D dual-timescale (18),temp_c,1.0,ramp,66,0.25853658536585367,0.33125,0.29041095890410956,0.7,0.07165326808808109,4.0
A baseline (16),temp_c,1.5,step,44,0.12946428571428573,0.18125,0.15104166666666666,1.0,0.07829430269136665,1.0
B +acc_w4 (17),temp_c,1.5,step,44,0.33472803347280333,0.5,0.40100250626566414,1.0,0.0835372247465921,2.0
C +clim_short (17),temp_c,1.5,step,44,0.34763948497854075,0.50625,0.4122137404580153,1.0,0.08144005592450192,0.0
D dual-timescale (18),temp_c,1.5,step,44,0.4024896265560166,0.60625,0.4837905236907731,1.0,0.08423628102062217,0.0
A baseline (16),temp_c,1.5,step,55,0.19248826291079812,0.25625,0.21983914209115282,0.9,0.07444949318420133,0.0
B +acc_w4 (17),temp_c,1.5,step,55,0.3391304347826087,0.4875,0.4,0.9,0.08039147151345684,0.0
C +clim_short (17),temp_c,1.5,step,55,0.3391304347826087,0.4875,0.4,0.9,0.08039147151345684,0.0
D dual-timescale (18),temp_c,1.5,step,55,0.4377880184331797,0.59375,0.5039787798408488,1.0,0.07584760573226144,0.0
A baseline (16),temp_c,1.5,step,66,0.17040358744394618,0.2375,0.19843342036553524,0.8,0.07794477455435163,3.0
B +acc_w4 (17),temp_c,1.5,step,66,0.2754237288135593,0.40625,0.3282828282828283,0.8,0.08248864033554701,2.5
C +clim_short (17),temp_c,1.5,step,66,0.29439252336448596,0.39375,0.33689839572192515,0.8,0.07479902132121635,2.0
D dual-timescale (18),temp_c,1.5,step,66,0.33980582524271846,0.4375,0.3825136612021858,0.8,0.07200279622509612,1.5
A baseline (16),temp_c,1.5,ramp,44,0.125,0.175,0.14583333333333334,1.0,0.07829430269136665,5.5
B +acc_w4 (17),temp_c,1.5,ramp,44,0.31092436974789917,0.4625,0.37185929648241206,1.0,0.08318769660957707,3.5
C +clim_short (17),temp_c,1.5,ramp,44,0.32340425531914896,0.475,0.3848101265822785,1.0,0.08213911219853198,2.5
D dual-timescale (18),temp_c,1.5,ramp,44,0.37815126050420167,0.5625,0.45226130653266333,1.0,0.08318769660957707,3.0
A baseline (16),temp_c,1.5,ramp,55,0.17209302325581396,0.23125,0.19733333333333333,0.8,0.07514854945823139,3.5
B +acc_w4 (17),temp_c,1.5,ramp,55,0.29515418502202645,0.41875,0.3462532299741602,0.9,0.07934288710241175,5.0
C +clim_short (17),temp_c,1.5,ramp,55,0.3162393162393162,0.4625,0.3756345177664975,0.9,0.08178958406151696,2.0
D dual-timescale (18),temp_c,1.5,ramp,55,0.4080717488789238,0.56875,0.4751958224543081,1.0,0.07794477455435163,1.5
A baseline (16),temp_c,1.5,ramp,66,0.16591928251121077,0.23125,0.19321148825065274,0.7,0.07794477455435163,4.0
B +acc_w4 (17),temp_c,1.5,ramp,66,0.25213675213675213,0.36875,0.29949238578680204,0.8,0.08178958406151696,4.0
C +clim_short (17),temp_c,1.5,ramp,66,0.27314814814814814,0.36875,0.31382978723404253,0.8,0.07549807759524642,4.0
D dual-timescale (18),temp_c,1.5,ramp,66,0.3118811881188119,0.39375,0.34806629834254144,0.8,0.070604683677036,4.0
A baseline (16),temp_c,2.0,step,44,0.17316017316017315,0.25,0.20460358056265984,1.0,0.08074099965047186,0.0
B +acc_w4 (17),temp_c,2.0,step,44,0.4024896265560166,0.60625,0.4837905236907731,1.0,0.08423628102062217,1.0
C +clim_short (17),temp_c,2.0,step,44,0.39316239316239315,0.575,0.467005076142132,1.0,0.08178958406151696,0.0
D dual-timescale (18),temp_c,2.0,step,44,0.47058823529411764,0.7,0.5628140703517588,1.0,0.08318769660957707,0.0
A baseline (16),temp_c,2.0,step,55,0.2420091324200913,0.33125,0.2796833773087071,0.9,0.07654666200629151,0.0
B +acc_w4 (17),temp_c,2.0,step,55,0.4148471615720524,0.59375,0.4884318766066838,0.9,0.0800419433764418,0.0
C +clim_short (17),temp_c,2.0,step,55,0.4230769230769231,0.61875,0.5025380710659898,1.0,0.08178958406151696,0.0
D dual-timescale (18),temp_c,2.0,step,55,0.5114155251141552,0.7,0.5910290237467019,1.0,0.07654666200629151,0.0
A baseline (16),temp_c,2.0,step,66,0.19736842105263158,0.28125,0.23195876288659795,0.9,0.07969241523942677,1.0
B +acc_w4 (17),temp_c,2.0,step,66,0.30603448275862066,0.44375,0.3622448979591837,0.9,0.08109052778748689,4.0
C +clim_short (17),temp_c,2.0,step,66,0.3271889400921659,0.44375,0.376657824933687,0.9,0.07584760573226144,0.0
D dual-timescale (18),temp_c,2.0,step,66,0.3684210526315789,0.48125,0.4173441734417344,1.0,0.07305138063614121,1.5
A baseline (16),temp_c,2.0,ramp,44,0.17316017316017315,0.25,0.20460358056265984,1.0,0.08074099965047186,4.0
B +acc_w4 (17),temp_c,2.0,ramp,44,0.37446808510638296,0.55,0.44556962025316454,1.0,0.08213911219853198,3.0
C +clim_short (17),temp_c,2.0,ramp,44,0.39316239316239315,0.575,0.467005076142132,1.0,0.08178958406151696,2.0
D dual-timescale (18),temp_c,2.0,ramp,44,0.4495798319327731,0.66875,0.5376884422110553,1.0,0.08318769660957707,2.0
A baseline (16),temp_c,2.0,ramp,55,0.2102803738317757,0.28125,0.24064171122994651,0.8,0.07479902132121635,0.5
B +acc_w4 (17),temp_c,2.0,ramp,55,0.38222222222222224,0.5375,0.44675324675324674,0.9,0.07864383082838168,2.0
C +clim_short (17),temp_c,2.0,ramp,55,0.40756302521008403,0.60625,0.48743718592964824,1.0,0.08318769660957707,1.0
D dual-timescale (18),temp_c,2.0,ramp,55,0.481981981981982,0.66875,0.5602094240837696,1.0,0.0775952464173366,1.0
A baseline (16),temp_c,2.0,ramp,66,0.18584070796460178,0.2625,0.21761658031088082,0.8,0.07899335896539672,4.0
B +acc_w4 (17),temp_c,2.0,ramp,66,0.2850877192982456,0.40625,0.33505154639175255,0.9,0.07969241523942677,4.0
C +clim_short (17),temp_c,2.0,ramp,66,0.29493087557603687,0.4,0.3395225464190981,0.9,0.07584760573226144,3.0
D dual-timescale (18),temp_c,2.0,ramp,66,0.3431372549019608,0.4375,0.38461538461538464,0.9,0.07130373995106606,3.0
A baseline (16),temp_c,3.0,step,44,0.19827586206896552,0.2875,0.23469387755102042,1.0,0.08109052778748689,0.0
B +acc_w4 (17),temp_c,3.0,step,44,0.4149377593360996,0.625,0.49875311720698257,1.0,0.08423628102062217,0.0
C +clim_short (17),temp_c,3.0,step,44,0.45021645021645024,0.65,0.5319693094629157,1.0,0.08074099965047186,0.0
D dual-timescale (18),temp_c,3.0,step,44,0.5106382978723404,0.75,0.6075949367088608,1.0,0.08213911219853198,0.0
A baseline (16),temp_c,3.0,step,55,0.2927927927927928,0.40625,0.3403141361256545,1.0,0.0775952464173366,0.0
B +acc_w4 (17),temp_c,3.0,step,55,0.4868421052631579,0.69375,0.5721649484536082,1.0,0.07969241523942677,0.0
C +clim_short (17),temp_c,3.0,step,55,0.5109170305676856,0.73125,0.6015424164524421,1.0,0.0800419433764418,0.0
D dual-timescale (18),temp_c,3.0,step,55,0.6018518518518519,0.8125,0.6914893617021277,1.0,0.07549807759524642,0.0
A baseline (16),temp_c,3.0,step,66,0.22321428571428573,0.3125,0.2604166666666667,0.8,0.07829430269136665,0.0
B +acc_w4 (17),temp_c,3.0,step,66,0.3659574468085106,0.5375,0.43544303797468353,1.0,0.08213911219853198,2.0
C +clim_short (17),temp_c,3.0,step,66,0.39473684210526316,0.5625,0.4639175257731959,1.0,0.07969241523942677,0.0
D dual-timescale (18),temp_c,3.0,step,66,0.45,0.61875,0.5210526315789473,1.0,0.07689619014330654,0.0
A baseline (16),temp_c,3.0,ramp,44,0.21645021645021645,0.3125,0.2557544757033248,1.0,0.08074099965047186,2.0
B +acc_w4 (17),temp_c,3.0,ramp,44,0.4219409282700422,0.625,0.5037783375314862,1.0,0.08283816847256203,2.0
C +clim_short (17),temp_c,3.0,ramp,44,0.4585152838427948,0.65625,0.5398457583547558,1.0,0.0800419433764418,1.0
D dual-timescale (18),temp_c,3.0,ramp,44,0.4870689655172414,0.70625,0.576530612244898,1.0,0.08109052778748689,1.5
A baseline (16),temp_c,3.0,ramp,55,0.2638888888888889,0.35625,0.30319148936170215,1.0,0.07549807759524642,1.0
B +acc_w4 (17),temp_c,3.0,ramp,55,0.4778761061946903,0.675,0.5595854922279793,1.0,0.07899335896539672,1.5
C +clim_short (17),temp_c,3.0,ramp,55,0.5021834061135371,0.71875,0.5912596401028277,1.0,0.0800419433764418,0.5
D dual-timescale (18),temp_c,3.0,ramp,55,0.5972850678733032,0.825,0.6929133858267716,1.0,0.07724571828032156,0.0
A baseline (16),temp_c,3.0,ramp,66,0.20444444444444446,0.2875,0.23896103896103896,0.8,0.07864383082838168,3.0
B +acc_w4 (17),temp_c,3.0,ramp,66,0.35064935064935066,0.50625,0.4143222506393862,1.0,0.08074099965047186,4.0
C +clim_short (17),temp_c,3.0,ramp,66,0.3920704845814978,0.55625,0.4599483204134367,1.0,0.07934288710241175,2.0
D dual-timescale (18),temp_c,3.0,ramp,66,0.43577981651376146,0.59375,0.5026455026455027,1.0,0.07619713386927647,3.0
A baseline (16),temp_c,4.0,step,44,0.2217391304347826,0.31875,0.26153846153846155,1.0,0.08039147151345684,0.0
B +acc_w4 (17),temp_c,4.0,step,44,0.430327868852459,0.65625,0.5198019801980198,1.0,0.08528486543166724,0.0
C +clim_short (17),temp_c,4.0,step,44,0.4661016949152542,0.6875,0.5555555555555556,1.0,0.08248864033554701,0.0
D dual-timescale (18),temp_c,4.0,step,44,0.5186721991701245,0.78125,0.6234413965087282,1.0,0.08423628102062217,0.0
A baseline (16),temp_c,4.0,step,55,0.3119266055045872,0.425,0.35978835978835977,1.0,0.07619713386927647,0.0
B +acc_w4 (17),temp_c,4.0,step,55,0.5545851528384279,0.79375,0.6529562982005142,1.0,0.0800419433764418,0.0
C +clim_short (17),temp_c,4.0,step,55,0.5570175438596491,0.79375,0.654639175257732,1.0,0.07969241523942677,0.0
D dual-timescale (18),temp_c,4.0,step,55,0.6296296296296297,0.85,0.723404255319149,1.0,0.07549807759524642,0.0
A baseline (16),temp_c,4.0,step,66,0.2422907488986784,0.34375,0.2842377260981912,0.9,0.07934288710241175,0.0
B +acc_w4 (17),temp_c,4.0,step,66,0.37815126050420167,0.5625,0.45226130653266333,1.0,0.08318769660957707,0.0
C +clim_short (17),temp_c,4.0,step,66,0.4267241379310345,0.61875,0.5051020408163265,1.0,0.08109052778748689,0.0
D dual-timescale (18),temp_c,4.0,step,66,0.45739910313901344,0.6375,0.5326370757180157,1.0,0.07794477455435163,0.0
A baseline (16),temp_c,4.0,ramp,44,0.2391304347826087,0.34375,0.28205128205128205,1.0,0.08039147151345684,1.5
B +acc_w4 (17),temp_c,4.0,ramp,44,0.4375,0.65625,0.525,1.0,0.08388675288360713,1.5
C +clim_short (17),temp_c,4.0,ramp,44,0.47639484978540775,0.69375,0.5648854961832062,1.0,0.08144005592450192,0.5
D dual-timescale (18),temp_c,4.0,ramp,44,0.5106382978723404,0.75,0.6075949367088608,1.0,0.08213911219853198,1.5
A baseline (16),temp_c,4.0,ramp,55,0.2962962962962963,0.4,0.3404255319148936,1.0,0.07549807759524642,0.0
B +acc_w4 (17),temp_c,4.0,ramp,55,0.5474137931034483,0.79375,0.6479591836734694,1.0,0.08109052778748689,0.0
C +clim_short (17),temp_c,4.0,ramp,55,0.5594713656387665,0.79375,0.6563307493540051,1.0,0.07934288710241175,0.0
D dual-timescale (18),temp_c,4.0,ramp,55,0.6267281105990783,0.85,0.7214854111405835,1.0,0.07584760573226144,0.0
A baseline (16),temp_c,4.0,ramp,66,0.22321428571428573,0.3125,0.2604166666666667,0.9,0.07829430269136665,3.0
B +acc_w4 (17),temp_c,4.0,ramp,66,0.37815126050420167,0.5625,0.45226130653266333,1.0,0.08318769660957707,3.0
C +clim_short (17),temp_c,4.0,ramp,66,0.4230769230769231,0.61875,0.5025380710659898,1.0,0.08178958406151696,1.0
D dual-timescale (18),temp_c,4.0,ramp,66,0.452914798206278,0.63125,0.5274151436031331,1.0,0.07794477455435163,2.0
A baseline (16),slp_hpa,0.5,step,44,0.03139013452914798,0.04375,0.03655352480417755,0.6,0.07794477455435163,12.5
B +acc_w4 (17),slp_hpa,0.5,step,44,0.04824561403508772,0.06875,0.05670103092783505,0.5,0.07969241523942677,12.0
C +clim_short (17),slp_hpa,0.5,step,44,0.04054054054054054,0.05625,0.04712041884816754,0.5,0.0775952464173366,12.0
D dual-timescale (18),slp_hpa,0.5,step,44,0.056074766355140186,0.075,0.06417112299465241,0.6,0.07479902132121635,8.5
A baseline (16),slp_hpa,0.5,step,55,0.09004739336492891,0.11875,0.10242587601078167,0.7,0.07375043691017127,7.0
B +acc_w4 (17),slp_hpa,0.5,step,55,0.09691629955947137,0.1375,0.11369509043927649,0.8,0.07934288710241175,5.0
C +clim_short (17),slp_hpa,0.5,step,55,0.091324200913242,0.125,0.10554089709762533,0.7,0.07654666200629151,7.0
D dual-timescale (18),slp_hpa,0.5,step,55,0.1201923076923077,0.15625,0.1358695652173913,0.9,0.07270185249912618,2.0
A baseline (16),slp_hpa,0.5,step,66,0.0779816513761468,0.10625,0.08994708994708994,0.6,0.07619713386927647,8.5
B +acc_w4 (17),slp_hpa,0.5,step,66,0.06866952789699571,0.1,0.08142493638676845,0.5,0.08144005592450192,8.0
C +clim_short (17),slp_hpa,0.5,step,66,0.07692307692307693,0.10625,0.08923884514435695,0.5,0.07724571828032156,8.0
D dual-timescale (18),slp_hpa,0.5,step,66,0.09004739336492891,0.11875,0.10242587601078167,0.5,0.07375043691017127,9.0
A baseline (16),slp_hpa,0.5,ramp,44,0.03139013452914798,0.04375,0.03655352480417755,0.6,0.07794477455435163,12.5
B +acc_w4 (17),slp_hpa,0.5,ramp,44,0.048034934497816595,0.06875,0.056555269922879174,0.5,0.0800419433764418,12.0
C +clim_short (17),slp_hpa,0.5,ramp,44,0.04035874439461883,0.05625,0.04699738903394256,0.5,0.07794477455435163,12.0
D dual-timescale (18),slp_hpa,0.5,ramp,44,0.046948356807511735,0.0625,0.05361930294906166,0.5,0.07444949318420133,12.0
A baseline (16),slp_hpa,0.5,ramp,55,0.102803738317757,0.1375,0.11764705882352941,0.7,0.07479902132121635,7.0
B +acc_w4 (17),slp_hpa,0.5,ramp,55,0.09333333333333334,0.13125,0.10909090909090909,0.7,0.07864383082838168,5.0
C +clim_short (17),slp_hpa,0.5,ramp,55,0.09545454545454546,0.13125,0.11052631578947368,0.7,0.07689619014330654,7.0
D dual-timescale (18),slp_hpa,0.5,ramp,55,0.10784313725490197,0.1375,0.12087912087912088,0.7,0.07130373995106606,4.0
A baseline (16),slp_hpa,0.5,ramp,66,0.07834101382488479,0.10625,0.09018567639257294,0.6,0.07584760573226144,7.5
B +acc_w4 (17),slp_hpa,0.5,ramp,66,0.06866952789699571,0.1,0.08142493638676845,0.5,0.08144005592450192,8.0
C +clim_short (17),slp_hpa,0.5,ramp,66,0.07692307692307693,0.10625,0.08923884514435695,0.5,0.07724571828032156,8.0
D dual-timescale (18),slp_hpa,0.5,ramp,66,0.09047619047619047,0.11875,0.10270270270270271,0.5,0.07340090877315623,9.0
A baseline (16),slp_hpa,1.0,step,44,0.05855855855855856,0.08125,0.06806282722513089,0.7,0.0775952464173366,5.0
B +acc_w4 (17),slp_hpa,1.0,step,44,0.0782608695652174,0.1125,0.09230769230769231,0.7,0.08039147151345684,5.0
C +clim_short (17),slp_hpa,1.0,step,44,0.08256880733944955,0.1125,0.09523809523809523,0.7,0.07619713386927647,5.0
D dual-timescale (18),slp_hpa,1.0,step,44,0.0958904109589041,0.13125,0.11081794195250659,0.7,0.07654666200629151,5.0
A baseline (16),slp_hpa,1.0,step,55,0.13761467889908258,0.1875,0.15873015873015872,0.8,0.07619713386927647,0.0
B +acc_w4 (17),slp_hpa,1.0,step,55,0.1592920353982301,0.225,0.18652849740932642,0.8,0.07899335896539672,2.0
C +clim_short (17),slp_hpa,1.0,step,55,0.13973799126637554,0.2,0.16452442159383032,0.8,0.0800419433764418,2.0
D dual-timescale (18),slp_hpa,1.0,step,55,0.17703349282296652,0.23125,0.2005420054200542,0.9,0.07305138063614121,2.0
A baseline (16),slp_hpa,1.0,step,66,0.11009174311926606,0.15,0.12698412698412698,0.6,0.07619713386927647,3.0
B +acc_w4 (17),slp_hpa,1.0,step,66,0.14847161572052403,0.2125,0.17480719794344474,0.7,0.0800419433764418,4.0
C +clim_short (17),slp_hpa,1.0,step,66,0.14732142857142858,0.20625,0.171875,0.7,0.07829430269136665,2.0
D dual-timescale (18),slp_hpa,1.0,step,66,0.16826923076923078,0.21875,0.19021739130434784,0.6,0.07270185249912618,6.0
A baseline (16),slp_hpa,1.0,ramp,44,0.04888888888888889,0.06875,0.05714285714285714,0.6,0.07864383082838168,12.0
B +acc_w4 (17),slp_hpa,1.0,ramp,44,0.06550218340611354,0.09375,0.07712082262210797,0.5,0.0800419433764418,12.0
C +clim_short (17),slp_hpa,1.0,ramp,44,0.06880733944954129,0.09375,0.07936507936507936,0.6,0.07619713386927647,8.5
D dual-timescale (18),slp_hpa,1.0,ramp,44,0.08755760368663594,0.11875,0.10079575596816977,0.6,0.07584760573226144,3.5
A baseline (16),slp_hpa,1.0,ramp,55,0.13023255813953488,0.175,0.14933333333333335,0.7,0.07514854945823139,4.0
B +acc_w4 (17),slp_hpa,1.0,ramp,55,0.16071428571428573,0.225,0.1875,0.8,0.07829430269136665,3.5
C +clim_short (17),slp_hpa,1.0,ramp,55,0.14096916299559473,0.2,0.165374677002584,0.8,0.07934288710241175,3.0
D dual-timescale (18),slp_hpa,1.0,ramp,55,0.17142857142857143,0.225,0.1945945945945946,0.9,0.07340090877315623,5.0
A baseline (16),slp_hpa,1.0,ramp,66,0.1095890410958904,0.15,0.1266490765171504,0.6,0.07654666200629151,7.5
B +acc_w4 (17),slp_hpa,1.0,ramp,66,0.14347826086956522,0.20625,0.16923076923076924,0.7,0.08039147151345684,5.0
C +clim_short (17),slp_hpa,1.0,ramp,66,0.14285714285714285,0.2,0.16666666666666666,0.6,0.07829430269136665,6.5
D dual-timescale (18),slp_hpa,1.0,ramp,66,0.16019417475728157,0.20625,0.18032786885245902,0.5,0.07200279622509612,5.0
A baseline (16),slp_hpa,1.5,step,44,0.08482142857142858,0.11875,0.09895833333333333,0.7,0.07829430269136665,2.0
B +acc_w4 (17),slp_hpa,1.5,step,44,0.1471861471861472,0.2125,0.17391304347826086,0.8,0.08074099965047186,1.0
C +clim_short (17),slp_hpa,1.5,step,44,0.13302752293577982,0.18125,0.15343915343915343,0.8,0.07619713386927647,1.0
D dual-timescale (18),slp_hpa,1.5,step,44,0.17117117117117117,0.2375,0.19895287958115182,0.8,0.0775952464173366,1.0
A baseline (16),slp_hpa,1.5,step,55,0.19004524886877827,0.2625,0.2204724409448819,0.9,0.07724571828032156,0.0
B +acc_w4 (17),slp_hpa,1.5,step,55,0.2785388127853881,0.38125,0.32189973614775724,1.0,0.07654666200629151,0.0
C +clim_short (17),slp_hpa,1.5,step,55,0.242152466367713,0.3375,0.2819843342036554,1.0,0.07794477455435163,0.0
D dual-timescale (18),slp_hpa,1.5,step,55,0.27941176470588236,0.35625,0.3131868131868132,1.0,0.07130373995106606,0.0
A baseline (16),slp_hpa,1.5,step,66,0.16289592760180996,0.225,0.1889763779527559,0.7,0.07724571828032156,0.0
B +acc_w4 (17),slp_hpa,1.5,step,66,0.21120689655172414,0.30625,0.25,0.9,0.08109052778748689,2.0
C +clim_short (17),slp_hpa,1.5,step,66,0.2314410480349345,0.33125,0.27249357326478146,0.8,0.0800419433764418,0.0
D dual-timescale (18),slp_hpa,1.5,step,66,0.24766355140186916,0.33125,0.28342245989304815,0.8,0.07479902132121635,3.0
A baseline (16),slp_hpa,1.5,ramp,44,0.06696428571428571,0.09375,0.078125,0.7,0.07829430269136665,10.0
B +acc_w4 (17),slp_hpa,1.5,ramp,44,0.11206896551724138,0.1625,0.1326530612244898,0.7,0.08109052778748689,4.0
C +clim_short (17),slp_hpa,1.5,ramp,44,0.12162162162162163,0.16875,0.14136125654450263,0.7,0.0775952464173366,3.0
D dual-timescale (18),slp_hpa,1.5,ramp,44,0.14666666666666667,0.20625,0.17142857142857143,0.7,0.07864383082838168,3.0
A baseline (16),slp_hpa,1.5,ramp,55,0.1834862385321101,0.25,0.21164021164021163,0.9,0.07619713386927647,2.0
B +acc_w4 (17),slp_hpa,1.5,ramp,55,0.25229357798165136,0.34375,0.291005291005291,1.0,0.07619713386927647,4.5
C +clim_short (17),slp_hpa,1.5,ramp,55,0.2511013215859031,0.35625,0.29457364341085274,1.0,0.07934288710241175,3.0
D dual-timescale (18),slp_hpa,1.5,ramp,55,0.28365384615384615,0.36875,0.32065217391304346,1.0,0.07270185249912618,3.5
A baseline (16),slp_hpa,1.5,ramp,66,0.15765765765765766,0.21875,0.18324607329842932,0.6,0.0775952464173366,2.5
B +acc_w4 (17),slp_hpa,1.5,ramp,66,0.20175438596491227,0.2875,0.23711340206185566,0.8,0.07969241523942677,7.0
C +clim_short (17),slp_hpa,1.5,ramp,66,0.21929824561403508,0.3125,0.25773195876288657,0.7,0.07969241523942677,3.0
D dual-timescale (18),slp_hpa,1.5,ramp,66,0.24413145539906103,0.325,0.27882037533512066,0.7,0.07444949318420133,4.0
A baseline (16),slp_hpa,2.0,step,44,0.13777777777777778,0.19375,0.16103896103896104,0.9,0.07864383082838168,0.0
B +acc_w4 (17),slp_hpa,2.0,step,44,0.20675105485232068,0.30625,0.24685138539042822,1.0,0.08283816847256203,1.0
C +clim_short (17),slp_hpa,2.0,step,44,0.20704845814977973,0.29375,0.24289405684754523,0.9,0.07934288710241175,0.0
D dual-timescale (18),slp_hpa,2.0,step,44,0.2555066079295154,0.3625,0.2997416020671835,0.8,0.07934288710241175,0.0
A baseline (16),slp_hpa,2.0,step,55,0.23660714285714285,0.33125,0.2760416666666667,1.0,0.07829430269136665,0.0
B +acc_w4 (17),slp_hpa,2.0,step,55,0.37333333333333335,0.525,0.43636363636363634,1.0,0.07864383082838168,0.0
C +clim_short (17),slp_hpa,2.0,step,55,0.3495575221238938,0.49375,0.40932642487046633,1.0,0.07899335896539672,0.0
D dual-timescale (18),slp_hpa,2.0,step,55,0.4057971014492754,0.525,0.45776566757493187,1.0,0.07235232436211116,0.0
A baseline (16),slp_hpa,2.0,step,66,0.1981981981981982,0.275,0.23036649214659685,0.8,0.0775952464173366,0.0
B +acc_w4 (17),slp_hpa,2.0,step,66,0.25957446808510637,0.38125,0.30886075949367087,0.9,0.08213911219853198,0.0
C +clim_short (17),slp_hpa,2.0,step,66,0.2838983050847458,0.41875,0.3383838383838384,0.8,0.08248864033554701,0.0
D dual-timescale (18),slp_hpa,2.0,step,66,0.30985915492957744,0.4125,0.353887399463807,0.8,0.07444949318420133,1.0
A baseline (16),slp_hpa,2.0,ramp,44,0.12280701754385964,0.175,0.14432989690721648,0.9,0.07969241523942677,3.0
B +acc_w4 (17),slp_hpa,2.0,ramp,44,0.19491525423728814,0.2875,0.23232323232323232,1.0,0.08248864033554701,3.5
C +clim_short (17),slp_hpa,2.0,ramp,44,0.18303571428571427,0.25625,0.21354166666666666,0.9,0.07829430269136665,3.0
D dual-timescale (18),slp_hpa,2.0,ramp,44,0.2183406113537118,0.3125,0.2570694087403599,0.8,0.0800419433764418,2.5
A baseline (16),slp_hpa,2.0,ramp,55,0.228310502283105,0.3125,0.2638522427440633,1.0,0.07654666200629151,1.0
B +acc_w4 (17),slp_hpa,2.0,ramp,55,0.35807860262008734,0.5125,0.42159383033419023,1.0,0.0800419433764418,1.5
C +clim_short (17),slp_hpa,2.0,ramp,55,0.34649122807017546,0.49375,0.4072164948453608,1.0,0.07969241523942677,2.0
D dual-timescale (18),slp_hpa,2.0,ramp,55,0.3925233644859813,0.525,0.44919786096256686,1.0,0.07479902132121635,1.0
A baseline (16),slp_hpa,2.0,ramp,66,0.2072072072072072,0.2875,0.24083769633507854,0.9,0.0775952464173366,2.0
B +acc_w4 (17),slp_hpa,2.0,ramp,66,0.25,0.35625,0.29381443298969073,1.0,0.07969241523942677,6.5
C +clim_short (17),slp_hpa,2.0,ramp,66,0.2687224669603524,0.38125,0.3152454780361757,0.9,0.07934288710241175,2.0
D dual-timescale (18),slp_hpa,2.0,ramp,66,0.2971698113207547,0.39375,0.3387096774193548,0.8,0.0740999650471863,3.0
A baseline (16),slp_hpa,3.0,step,44,0.19658119658119658,0.2875,0.233502538071066,0.9,0.08178958406151696,0.0
B +acc_w4 (17),slp_hpa,3.0,step,44,0.34024896265560167,0.5125,0.4089775561097257,1.0,0.08423628102062217,0.0
C +clim_short (17),slp_hpa,3.0,step,44,0.3203463203463203,0.4625,0.37851662404092073,1.0,0.08074099965047186,0.0
D dual-timescale (18),slp_hpa,3.0,step,44,0.43089430894308944,0.6625,0.5221674876847291,1.0,0.08598392170569731,0.0
A baseline (16),slp_hpa,3.0,step,55,0.3287671232876712,0.45,0.37994722955145116,1.0,0.07654666200629151,0.0
B +acc_w4 (17),slp_hpa,3.0,step,55,0.49137931034482757,0.7125,0.5816326530612245,1.0,0.08109052778748689,0.0
C +clim_short (17),slp_hpa,3.0,step,55,0.47391304347826085,0.68125,0.558974358974359,1.0,0.08039147151345684,0.0
D dual-timescale (18),slp_hpa,3.0,step,55,0.5789473684210527,0.75625,0.6558265582655827,1.0,0.07305138063614121,0.0
A baseline (16),slp_hpa,3.0,step,66,0.27705627705627706,0.4,0.3273657289002558,0.9,0.08074099965047186,0.0
B +acc_w4 (17),slp_hpa,3.0,step,66,0.3305785123966942,0.5,0.39800995024875624,1.0,0.08458580915763719,0.0
C +clim_short (17),slp_hpa,3.0,step,66,0.34051724137931033,0.49375,0.4030612244897959,1.0,0.08109052778748689,0.0
D dual-timescale (18),slp_hpa,3.0,step,66,0.410958904109589,0.5625,0.47493403693931396,1.0,0.07654666200629151,0.0
A baseline (16),slp_hpa,3.0,ramp,44,0.19480519480519481,0.28125,0.23017902813299232,0.9,0.08074099965047186,2.0
B +acc_w4 (17),slp_hpa,3.0,ramp,44,0.3347457627118644,0.49375,0.398989898989899,1.0,0.08248864033554701,3.0
C +clim_short (17),slp_hpa,3.0,ramp,44,0.3318777292576419,0.475,0.390745501285347,1.0,0.0800419433764418,2.0
D dual-timescale (18),slp_hpa,3.0,ramp,44,0.41702127659574467,0.6125,0.4962025316455696,1.0,0.08213911219853198,2.0
A baseline (16),slp_hpa,3.0,ramp,55,0.3333333333333333,0.475,0.3917525773195876,1.0,0.07969241523942677,0.5
B +acc_w4 (17),slp_hpa,3.0,ramp,55,0.49122807017543857,0.7,0.5773195876288659,1.0,0.07969241523942677,1.0
C +clim_short (17),slp_hpa,3.0,ramp,55,0.48034934497816595,0.6875,0.5655526992287918,1.0,0.0800419433764418,1.0
D dual-timescale (18),slp_hpa,3.0,ramp,55,0.5613207547169812,0.74375,0.6397849462365591,1.0,0.0740999650471863,1.0
A baseline (16),slp_hpa,3.0,ramp,66,0.27631578947368424,0.39375,0.3247422680412371,0.9,0.07969241523942677,1.0
B +acc_w4 (17),slp_hpa,3.0,ramp,66,0.31759656652360513,0.4625,0.37659033078880405,1.0,0.08144005592450192,3.0
C +clim_short (17),slp_hpa,3.0,ramp,66,0.34649122807017546,0.49375,0.4072164948453608,1.0,0.07969241523942677,1.0
D dual-timescale (18),slp_hpa,3.0,ramp,66,0.410958904109589,0.5625,0.47493403693931396,1.0,0.07654666200629151,3.0
A baseline (16),slp_hpa,4.0,step,44,0.23275862068965517,0.3375,0.2755102040816326,1.0,0.08109052778748689,0.0
B +acc_w4 (17),slp_hpa,4.0,step,44,0.3557312252964427,0.5625,0.4358353510895884,1.0,0.08843061866480252,0.0
C +clim_short (17),slp_hpa,4.0,step,44,0.38271604938271603,0.58125,0.46153846153846156,1.0,0.08493533729465222,0.0
D dual-timescale (18),slp_hpa,4.0,step,44,0.4634146341463415,0.7125,0.5615763546798029,1.0,0.08598392170569731,0.0
A baseline (16),slp_hpa,4.0,step,55,0.37037037037037035,0.5,0.425531914893617,1.0,0.07549807759524642,0.0
B +acc_w4 (17),slp_hpa,4.0,step,55,0.5064935064935064,0.73125,0.59846547314578,1.0,0.08074099965047186,0.0
C +clim_short (17),slp_hpa,4.0,step,55,0.5107296137339056,0.74375,0.6055979643765903,1.0,0.08144005592450192,0.0
D dual-timescale (18),slp_hpa,4.0,step,55,0.6208530805687204,0.81875,0.706199460916442,1.0,0.07375043691017127,0.0
A baseline (16),slp_hpa,4.0,step,66,0.2807017543859649,0.4,0.32989690721649484,0.9,0.07969241523942677,0.0
B +acc_w4 (17),slp_hpa,4.0,step,66,0.3588709677419355,0.55625,0.4362745098039216,1.0,0.08668297797972736,0.0
C +clim_short (17),slp_hpa,4.0,step,66,0.3900414937759336,0.5875,0.4688279301745636,1.0,0.08423628102062217,0.0
D dual-timescale (18),slp_hpa,4.0,step,66,0.44933920704845814,0.6375,0.5271317829457365,1.0,0.07934288710241175,0.0
A baseline (16),slp_hpa,4.0,ramp,44,0.2543103448275862,0.36875,0.3010204081632653,0.9,0.08109052778748689,1.0
B +acc_w4 (17),slp_hpa,4.0,ramp,44,0.40725806451612906,0.63125,0.4950980392156863,1.0,0.08668297797972736,1.5
C +clim_short (17),slp_hpa,4.0,ramp,44,0.43162393162393164,0.63125,0.5126903553299492,1.0,0.08178958406151696,1.5
D dual-timescale (18),slp_hpa,4.0,ramp,44,0.47257383966244726,0.7,0.5642317380352645,1.0,0.08283816847256203,1.5
A baseline (16),slp_hpa,4.0,ramp,55,0.39461883408071746,0.55,0.4595300261096606,1.0,0.07794477455435163,0.5
B +acc_w4 (17),slp_hpa,4.0,ramp,55,0.519650655021834,0.74375,0.6118251928020566,1.0,0.0800419433764418,0.0
C +clim_short (17),slp_hpa,4.0,ramp,55,0.5353982300884956,0.75625,0.6269430051813472,1.0,0.07899335896539672,0.5
D dual-timescale (18),slp_hpa,4.0,ramp,55,0.6084905660377359,0.80625,0.6935483870967742,1.0,0.0740999650471863,0.5
A baseline (16),slp_hpa,4.0,ramp,66,0.31004366812227074,0.44375,0.36503856041131105,0.9,0.0800419433764418,1.0
B +acc_w4 (17),slp_hpa,4.0,ramp,66,0.38114754098360654,0.58125,0.4603960396039604,1.0,0.08528486543166724,1.5
C +clim_short (17),slp_hpa,4.0,ramp,66,0.4110169491525424,0.60625,0.4898989898989899,1.0,0.08248864033554701,1.0
D dual-timescale (18),slp_hpa,4.0,ramp,66,0.43946188340807174,0.6125,0.5117493472584856,1.0,0.07794477455435163,2.0
A baseline (16),rh_pct,0.5,step,44,0.04,0.056962025316455694,0.04699738903394256,0.5,0.07864383082838168,12.0
B +acc_w4 (17),rh_pct,0.5,step,44,0.04824561403508772,0.06962025316455696,0.05699481865284974,0.6,0.07969241523942677,5.5
C +clim_short (17),rh_pct,0.5,step,44,0.05555555555555555,0.0759493670886076,0.06417112299465241,0.6,0.07549807759524642,4.5
D dual-timescale (18),rh_pct,0.5,step,44,0.07834101382488479,0.10759493670886076,0.09066666666666667,0.6,0.07584760573226144,2.5
A baseline (16),rh_pct,0.5,step,55,0.13302752293577982,0.1870967741935484,0.1554959785522788,0.7,0.07619713386927647,0.0
B +acc_w4 (17),rh_pct,0.5,step,55,0.14285714285714285,0.2,0.16666666666666666,0.7,0.07584760573226144,4.0
C +clim_short (17),rh_pct,0.5,step,55,0.12385321100917432,0.17419354838709677,0.1447721179624665,0.7,0.07619713386927647,4.0
D dual-timescale (18),rh_pct,0.5,step,55,0.16336633663366337,0.2129032258064516,0.18487394957983194,0.8,0.070604683677036,1.5
A baseline (16),rh_pct,0.5,step,66,0.07834101382488479,0.11038961038961038,0.09164420485175202,0.7,0.07584760573226144,5.0
B +acc_w4 (17),rh_pct,0.5,step,66,0.10256410256410256,0.15584415584415584,0.12371134020618557,0.4,0.08178958406151696,3.0
C +clim_short (17),rh_pct,0.5,step,66,0.10666666666666667,0.15584415584415584,0.1266490765171504,0.6,0.07864383082838168,4.5
D dual-timescale (18),rh_pct,0.5,step,66,0.1477832512315271,0.19480519480519481,0.16806722689075632,0.6,0.07095421181405102,4.5
A baseline (16),rh_pct,0.5,ramp,44,0.03571428571428571,0.05063291139240506,0.041884816753926704,0.6,0.07829430269136665,7.5
B +acc_w4 (17),rh_pct,0.5,ramp,44,0.048034934497816595,0.06962025316455696,0.056847545219638244,0.6,0.0800419433764418,5.5
C +clim_short (17),rh_pct,0.5,ramp,44,0.05454545454545454,0.0759493670886076,0.06349206349206349,0.6,0.07689619014330654,4.5
D dual-timescale (18),rh_pct,0.5,ramp,44,0.06422018348623854,0.08860759493670886,0.07446808510638298,0.6,0.07619713386927647,4.0
A baseline (16),rh_pct,0.5,ramp,55,0.13574660633484162,0.1935483870967742,0.1595744680851064,0.8,0.07724571828032156,3.5
B +acc_w4 (17),rh_pct,0.5,ramp,55,0.14351851851851852,0.2,0.16711590296495957,0.8,0.07549807759524642,4.5
C +clim_short (17),rh_pct,0.5,ramp,55,0.13392857142857142,0.1935483870967742,0.158311345646438,0.7,0.07829430269136665,5.0
D dual-timescale (18),rh_pct,0.5,ramp,55,0.15422885572139303,0.2,0.17415730337078653,0.8,0.07025515554002097,1.5
A baseline (16),rh_pct,0.5,ramp,66,0.07339449541284404,0.1038961038961039,0.08602150537634409,0.7,0.07619713386927647,6.0
B +acc_w4 (17),rh_pct,0.5,ramp,66,0.09130434782608696,0.13636363636363635,0.109375,0.4,0.08039147151345684,5.0
C +clim_short (17),rh_pct,0.5,ramp,66,0.09821428571428571,0.14285714285714285,0.1164021164021164,0.6,0.07829430269136665,4.5
D dual-timescale (18),rh_pct,0.5,ramp,66,0.13930348258706468,0.18181818181818182,0.15774647887323945,0.6,0.07025515554002097,4.5
A baseline (16),rh_pct,1.0,step,44,0.06944444444444445,0.0949367088607595,0.08021390374331551,0.6,0.07549807759524642,9.0
B +acc_w4 (17),rh_pct,1.0,step,44,0.13617021276595745,0.20253164556962025,0.1628498727735369,0.9,0.08213911219853198,3.0
C +clim_short (17),rh_pct,1.0,step,44,0.14027149321266968,0.1962025316455696,0.16358839050131926,0.8,0.07724571828032156,2.0
D dual-timescale (18),rh_pct,1.0,step,44,0.20754716981132076,0.27848101265822783,0.23783783783783785,0.8,0.0740999650471863,2.5
A baseline (16),rh_pct,1.0,step,55,0.17452830188679244,0.23870967741935484,0.2016348773841962,0.8,0.0740999650471863,0.5
B +acc_w4 (17),rh_pct,1.0,step,55,0.20465116279069767,0.2838709677419355,0.23783783783783785,0.7,0.07514854945823139,1.0
C +clim_short (17),rh_pct,1.0,step,55,0.20909090909090908,0.2967741935483871,0.24533333333333332,0.8,0.07689619014330654,0.0
D dual-timescale (18),rh_pct,1.0,step,55,0.295,0.38064516129032255,0.3323943661971831,0.9,0.06990562740300595,1.0
A baseline (16),rh_pct,1.0,step,66,0.10550458715596331,0.14935064935064934,0.12365591397849462,0.7,0.07619713386927647,4.0
B +acc_w4 (17),rh_pct,1.0,step,66,0.16228070175438597,0.24025974025974026,0.193717277486911,0.7,0.07969241523942677,5.0
C +clim_short (17),rh_pct,1.0,step,66,0.17180616740088106,0.2532467532467532,0.2047244094488189,0.8,0.07934288710241175,0.5
D dual-timescale (18),rh_pct,1.0,step,66,0.23039215686274508,0.3051948051948052,0.26256983240223464,0.9,0.07130373995106606,4.0
A baseline (16),rh_pct,1.0,ramp,44,0.06880733944954129,0.0949367088607595,0.0797872340425532,0.6,0.07619713386927647,9.0
B +acc_w4 (17),rh_pct,1.0,ramp,44,0.1206896551724138,0.17721518987341772,0.14358974358974358,0.9,0.08109052778748689,3.0
C +clim_short (17),rh_pct,1.0,ramp,44,0.1278538812785388,0.17721518987341772,0.14854111405835543,0.8,0.07654666200629151,3.0
D dual-timescale (18),rh_pct,1.0,ramp,44,0.205607476635514,0.27848101265822783,0.23655913978494625,0.8,0.07479902132121635,2.5
A baseline (16),rh_pct,1.0,ramp,55,0.16826923076923078,0.22580645161290322,0.1928374655647383,0.8,0.07270185249912618,1.5
B +acc_w4 (17),rh_pct,1.0,ramp,55,0.2073732718894009,0.2903225806451613,0.24193548387096775,0.8,0.07584760573226144,2.5
C +clim_short (17),rh_pct,1.0,ramp,55,0.19444444444444445,0.2709677419354839,0.22641509433962265,0.9,0.07549807759524642,3.0
D dual-timescale (18),rh_pct,1.0,ramp,55,0.28078817733990147,0.36774193548387096,0.31843575418994413,0.9,0.07095421181405102,2.0
A baseline (16),rh_pct,1.0,ramp,66,0.1085972850678733,0.15584415584415584,0.128,0.7,0.07724571828032156,5.0
B +acc_w4 (17),rh_pct,1.0,ramp,66,0.14732142857142858,0.21428571428571427,0.1746031746031746,0.7,0.07829430269136665,5.0
C +clim_short (17),rh_pct,1.0,ramp,66,0.15418502202643172,0.22727272727272727,0.1837270341207349,0.8,0.07934288710241175,4.5
D dual-timescale (18),rh_pct,1.0,ramp,66,0.2318840579710145,0.3116883116883117,0.2659279778393352,0.9,0.07235232436211116,5.0
A baseline (16),rh_pct,1.5,step,44,0.1187214611872146,0.16455696202531644,0.13793103448275862,0.8,0.07654666200629151,4.0
B +acc_w4 (17),rh_pct,1.5,step,44,0.21888412017167383,0.3227848101265823,0.2608695652173913,0.8,0.08144005592450192,2.5
C +clim_short (17),rh_pct,1.5,step,44,0.20454545454545456,0.2848101265822785,0.23809523809523808,0.8,0.07689619014330654,1.0
D dual-timescale (18),rh_pct,1.5,step,44,0.33185840707964603,0.47468354430379744,0.390625,1.0,0.07899335896539672,2.5
A baseline (16),rh_pct,1.5,step,55,0.22748815165876776,0.3096774193548387,0.26229508196721313,1.0,0.07375043691017127,0.0
B +acc_w4 (17),rh_pct,1.5,step,55,0.30952380952380953,0.41935483870967744,0.3561643835616438,1.0,0.07340090877315623,0.5
C +clim_short (17),rh_pct,1.5,step,55,0.3076923076923077,0.4129032258064516,0.3526170798898072,1.0,0.07270185249912618,0.0
D dual-timescale (18),rh_pct,1.5,step,55,0.4523809523809524,0.6129032258064516,0.5205479452054794,1.0,0.07340090877315623,0.0
A baseline (16),rh_pct,1.5,step,66,0.1506849315068493,0.21428571428571427,0.1769436997319035,0.8,0.07654666200629151,0.0
B +acc_w4 (17),rh_pct,1.5,step,66,0.2311111111111111,0.33766233766233766,0.27440633245382584,1.0,0.07864383082838168,2.5
C +clim_short (17),rh_pct,1.5,step,66,0.23873873873873874,0.34415584415584416,0.28191489361702127,1.0,0.0775952464173366,0.0
D dual-timescale (18),rh_pct,1.5,step,66,0.3382352941176471,0.44805194805194803,0.3854748603351955,1.0,0.07130373995106606,3.5
A baseline (16),rh_pct,1.5,ramp,44,0.12556053811659193,0.17721518987341772,0.14698162729658792,0.8,0.07794477455435163,4.0
B +acc_w4 (17),rh_pct,1.5,ramp,44,0.2052401746724891,0.2974683544303797,0.24289405684754523,0.8,0.0800419433764418,3.0
C +clim_short (17),rh_pct,1.5,ramp,44,0.20361990950226244,0.2848101265822785,0.23746701846965698,0.8,0.07724571828032156,2.5
D dual-timescale (18),rh_pct,1.5,ramp,44,0.3167420814479638,0.4430379746835443,0.36939313984168864,1.0,0.07724571828032156,3.0
A baseline (16),rh_pct,1.5,ramp,55,0.20657276995305165,0.2838709677419355,0.2391304347826087,0.9,0.07444949318420133,1.0
B +acc_w4 (17),rh_pct,1.5,ramp,55,0.29439252336448596,0.4064516129032258,0.34146341463414637,1.0,0.07479902132121635,3.0
C +clim_short (17),rh_pct,1.5,ramp,55,0.2818181818181818,0.4,0.33066666666666666,1.0,0.07689619014330654,1.5
D dual-timescale (18),rh_pct,1.5,ramp,55,0.4251207729468599,0.567741935483871,0.4861878453038674,1.0,0.07235232436211116,2.5
A baseline (16),rh_pct,1.5,ramp,66,0.13963963963963963,0.2012987012987013,0.16489361702127658,0.7,0.0775952464173366,5.0
B +acc_w4 (17),rh_pct,1.5,ramp,66,0.1917808219178082,0.2727272727272727,0.225201072386059,1.0,0.07654666200629151,5.5
C +clim_short (17),rh_pct,1.5,ramp,66,0.2072072072072072,0.2987012987012987,0.24468085106382978,1.0,0.0775952464173366,4.0
D dual-timescale (18),rh_pct,1.5,ramp,66,0.30392156862745096,0.4025974025974026,0.3463687150837989,1.0,0.07130373995106606,4.0
A baseline (16),rh_pct,2.0,step,44,0.16666666666666666,0.23417721518987342,0.19473684210526315,1.0,0.0775952464173366,3.0
B +acc_w4 (17),rh_pct,2.0,step,44,0.2894736842105263,0.4177215189873418,0.34196891191709844,1.0,0.07969241523942677,2.5
C +clim_short (17),rh_pct,2.0,step,44,0.3183856502242152,0.44936708860759494,0.37270341207349084,1.0,0.07794477455435163,1.0
D dual-timescale (18),rh_pct,2.0,step,44,0.40350877192982454,0.5822784810126582,0.47668393782383417,1.0,0.07969241523942677,2.5
A baseline (16),rh_pct,2.0,step,55,0.2523809523809524,0.3419354838709677,0.29041095890410956,1.0,0.07340090877315623,0.0
B +acc_w4 (17),rh_pct,2.0,step,55,0.4027777777777778,0.5612903225806452,0.46900269541778977,1.0,0.07549807759524642,0.0
C +clim_short (17),rh_pct,2.0,step,55,0.3926940639269406,0.5548387096774193,0.45989304812834225,1.0,0.07654666200629151,0.0
D dual-timescale (18),rh_pct,2.0,step,55,0.5211267605633803,0.7161290322580646,0.6032608695652174,1.0,0.07444949318420133,0.0
A baseline (16),rh_pct,2.0,step,66,0.21030042918454936,0.3181818181818182,0.2532299741602067,1.0,0.08144005592450192,0.0
B +acc_w4 (17),rh_pct,2.0,step,66,0.2880658436213992,0.45454545454545453,0.3526448362720403,1.0,0.08493533729465222,0.0
C +clim_short (17),rh_pct,2.0,step,66,0.3177966101694915,0.487012987012987,0.38461538461538464,1.0,0.08248864033554701,0.0
D dual-timescale (18),rh_pct,2.0,step,66,0.39903846153846156,0.538961038961039,0.4585635359116022,1.0,0.07270185249912618,1.5
A baseline (16),rh_pct,2.0,ramp,44,0.16591928251121077,0.23417721518987342,0.1942257217847769,1.0,0.07794477455435163,4.0
B +acc_w4 (17),rh_pct,2.0,ramp,44,0.2956521739130435,0.43037974683544306,0.35051546391752575,1.0,0.08039147151345684,3.0
C +clim_short (17),rh_pct,2.0,ramp,44,0.29910714285714285,0.4240506329113924,0.3507853403141361,1.0,0.07829430269136665,3.0
D dual-timescale (18),rh_pct,2.0,ramp,44,0.3938053097345133,0.5632911392405063,0.4635416666666667,1.0,0.07899335896539672,3.0
A baseline (16),rh_pct,2.0,ramp,55,0.23809523809523808,0.3225806451612903,0.273972602739726,0.9,0.07340090877315623,0.0
B +acc_w4 (17),rh_pct,2.0,ramp,55,0.38317757009345793,0.5290322580645161,0.4444444444444444,1.0,0.07479902132121635,2.5
C +clim_short (17),rh_pct,2.0,ramp,55,0.37777777777777777,0.5483870967741935,0.4473684210526316,1.0,0.07864383082838168,1.0
D dual-timescale (18),rh_pct,2.0,ramp,55,0.5117370892018779,0.7032258064516129,0.592391304347826,1.0,0.07444949318420133,1.0
A baseline (16),rh_pct,2.0,ramp,66,0.1810344827586207,0.2727272727272727,0.21761658031088082,0.9,0.08109052778748689,4.0
B +acc_w4 (17),rh_pct,2.0,ramp,66,0.26859504132231404,0.42207792207792205,0.3282828282828283,1.0,0.08458580915763719,3.5
C +clim_short (17),rh_pct,2.0,ramp,66,0.31092436974789917,0.4805194805194805,0.37755102040816324,1.0,0.08318769660957707,3.0
D dual-timescale (18),rh_pct,2.0,ramp,66,0.3915094339622642,0.538961038961039,0.453551912568306,1.0,0.0740999650471863,3.5
A baseline (16),rh_pct,3.0,step,44,0.33211678832116787,0.5759493670886076,0.4212962962962963,1.0,0.09577070954211814,0.0
B +acc_w4 (17),rh_pct,3.0,step,44,0.4548736462093863,0.7974683544303798,0.5793103448275863,1.0,0.09681929395316323,0.0
C +clim_short (17),rh_pct,3.0,step,44,0.4716981132075472,0.7911392405063291,0.5910165484633569,1.0,0.09262495630898288,0.0
D dual-timescale (18),rh_pct,3.0,step,44,0.5169811320754717,0.8670886075949367,0.6477541371158393,1.0,0.09262495630898288,0.0
A baseline (16),rh_pct,3.0,step,55,0.38697318007662834,0.6516129032258065,0.4855769230769231,1.0,0.09122684376092276,0.0
B +acc_w4 (17),rh_pct,3.0,step,55,0.5413533834586466,0.9290322580645162,0.684085510688836,1.0,0.0929744844459979,0.0
C +clim_short (17),rh_pct,3.0,step,55,0.5225563909774437,0.896774193548387,0.6603325415676959,1.0,0.0929744844459979,0.0
D dual-timescale (18),rh_pct,3.0,step,55,0.6224066390041494,0.967741935483871,0.7575757575757576,1.0,0.08423628102062217,0.0
A baseline (16),rh_pct,3.0,step,66,0.23553719008264462,0.37012987012987014,0.2878787878787879,1.0,0.08458580915763719,0.0
B +acc_w4 (17),rh_pct,3.0,step,66,0.376865671641791,0.6558441558441559,0.4786729857819905,1.0,0.09367354072002797,0.0
C +clim_short (17),rh_pct,3.0,step,66,0.39615384615384613,0.6688311688311688,0.4975845410628019,1.0,0.09087731562390773,0.0
D dual-timescale (18),rh_pct,3.0,step,66,0.4557522123893805,0.6688311688311688,0.5421052631578948,1.0,0.07899335896539672,0.0
A baseline (16),rh_pct,3.0,ramp,44,0.32342007434944237,0.5506329113924051,0.40749414519906324,1.0,0.094023068857043,1.0
B +acc_w4 (17),rh_pct,3.0,ramp,44,0.4411764705882353,0.759493670886076,0.5581395348837209,1.0,0.09507165326808809,2.0
C +clim_short (17),rh_pct,3.0,ramp,44,0.4681647940074906,0.7911392405063291,0.5882352941176471,1.0,0.09332401258301293,1.0
D dual-timescale (18),rh_pct,3.0,ramp,44,0.5019305019305019,0.8227848101265823,0.6235011990407674,1.0,0.09052778748689269,1.0
A baseline (16),rh_pct,3.0,ramp,55,0.3843137254901961,0.632258064516129,0.47804878048780486,1.0,0.08912967493883257,0.5
B +acc_w4 (17),rh_pct,3.0,ramp,55,0.5076923076923077,0.8516129032258064,0.636144578313253,1.0,0.09087731562390773,1.0
C +clim_short (17),rh_pct,3.0,ramp,55,0.49224806201550386,0.8193548387096774,0.6150121065375302,1.0,0.09017825934987767,1.0
D dual-timescale (18),rh_pct,3.0,ramp,55,0.5882352941176471,0.9032258064516129,0.712468193384224,1.0,0.08318769660957707,1.0
A baseline (16),rh_pct,3.0,ramp,66,0.226890756302521,0.35064935064935066,0.2755102040816326,0.9,0.08318769660957707,1.0
B +acc_w4 (17),rh_pct,3.0,ramp,66,0.3582089552238806,0.6233766233766234,0.4549763033175355,1.0,0.09367354072002797,1.0
C +clim_short (17),rh_pct,3.0,ramp,66,0.3828125,0.6363636363636364,0.47804878048780486,1.0,0.0894792030758476,0.5
D dual-timescale (18),rh_pct,3.0,ramp,66,0.45454545454545453,0.6818181818181818,0.5454545454545454,1.0,0.08074099965047186,0.5
A baseline (16),rh_pct,4.0,step,44,0.3824561403508772,0.689873417721519,0.49209932279909707,1.0,0.09961551904928347,0.0
B +acc_w4 (17),rh_pct,4.0,step,44,0.4930555555555556,0.8987341772151899,0.6367713004484304,1.0,0.10066410346032856,0.0
C +clim_short (17),rh_pct,4.0,step,44,0.5089605734767025,0.8987341772151899,0.6498855835240275,1.0,0.0975183502271933,0.0
D dual-timescale (18),rh_pct,4.0,step,44,0.5318352059925093,0.8987341772151899,0.668235294117647,1.0,0.09332401258301293,0.0
A baseline (16),rh_pct,4.0,step,55,0.4117647058823529,0.7225806451612903,0.5245901639344263,1.0,0.09507165326808809,0.0
B +acc_w4 (17),rh_pct,4.0,step,55,0.5367647058823529,0.9419354838709677,0.6838407494145199,1.0,0.09507165326808809,0.0
C +clim_short (17),rh_pct,4.0,step,55,0.5430711610486891,0.9354838709677419,0.6872037914691943,1.0,0.09332401258301293,0.0
D dual-timescale (18),rh_pct,4.0,step,55,0.6337448559670782,0.9935483870967742,0.7738693467336684,1.0,0.08493533729465222,0.0
A baseline (16),rh_pct,4.0,step,66,0.2891566265060241,0.4675324675324675,0.3573200992555831,1.0,0.0870325061167424,0.0
B +acc_w4 (17),rh_pct,4.0,step,66,0.40671641791044777,0.7077922077922078,0.5165876777251185,1.0,0.09367354072002797,0.0
C +clim_short (17),rh_pct,4.0,step,66,0.4280155642023346,0.7142857142857143,0.5352798053527981,1.0,0.08982873121286264,0.0
D dual-timescale (18),rh_pct,4.0,step,66,0.4690265486725664,0.6883116883116883,0.5578947368421052,1.0,0.07899335896539672,0.0
A baseline (16),rh_pct,4.0,ramp,44,0.35507246376811596,0.620253164556962,0.45161290322580644,1.0,0.0964697658161482,1.0
B +acc_w4 (17),rh_pct,4.0,ramp,44,0.4767025089605735,0.8417721518987342,0.6086956521739131,1.0,0.0975183502271933,1.0
C +clim_short (17),rh_pct,4.0,ramp,44,0.4925925925925926,0.8417721518987342,0.6214953271028038,1.0,0.09437259699405802,1.0
D dual-timescale (18),rh_pct,4.0,ramp,44,0.5172413793103449,0.8544303797468354,0.6443914081145584,1.0,0.09122684376092276,1.0
A baseline (16),rh_pct,4.0,ramp,55,0.4128787878787879,0.7032258064516129,0.5202863961813843,1.0,0.09227542817196785,0.5
B +acc_w4 (17),rh_pct,4.0,ramp,55,0.5343511450381679,0.9032258064516129,0.6714628297362111,1.0,0.09157637189793778,1.0
C +clim_short (17),rh_pct,4.0,ramp,55,0.5285171102661597,0.896774193548387,0.6650717703349283,1.0,0.09192590003495281,0.5
D dual-timescale (18),rh_pct,4.0,ramp,55,0.620253164556962,0.9483870967741935,0.75,1.0,0.08283816847256203,1.0
A baseline (16),rh_pct,4.0,ramp,66,0.2948207171314741,0.4805194805194805,0.3654320987654321,1.0,0.08773156239077246,0.0
B +acc_w4 (17),rh_pct,4.0,ramp,66,0.39776951672862454,0.6948051948051948,0.5059101654846335,1.0,0.094023068857043,0.5
C +clim_short (17),rh_pct,4.0,ramp,66,0.421875,0.7012987012987013,0.526829268292683,1.0,0.0894792030758476,0.0
D dual-timescale (18),rh_pct,4.0,ramp,66,0.4649122807017544,0.6883116883116883,0.5549738219895288,1.0,0.07969241523942677,0.0
