scenario,condition,f1,precision,recall,episode_recall,fpr,clean_alert,delay
in_domain,baseline16,0.4627,0.5626,0.3934,0.8027,0.049,0.0728,0.0
in_domain,clim_short17,0.5064,0.6143,0.4311,0.8555,0.0434,0.0721,0.0
in_domain,dual18(ref),0.5513,0.6784,0.4647,0.8659,0.0354,0.0733,0.0
temporal,baseline16,0.4214,0.5174,0.3558,0.7247,0.0552,0.0737,0.0
temporal,clim_short17,0.4334,0.5278,0.3681,0.7504,0.0548,0.0764,0.0
temporal,dual18(ref),0.4206,0.5024,0.362,0.7253,0.0597,0.0822,0.0
station,baseline16,0.4204,0.5166,0.355,0.717,0.0554,0.0751,0.0
station,clim_short17,0.4356,0.5293,0.3705,0.7559,0.055,0.0781,0.0
station,dual18(ref),0.4263,0.5034,0.3702,0.7288,0.0609,0.0845,0.0
