feature,mean_change,median_change,sd_change,signed_effect,abs_effect,consistency,group
temp_c_step,-0.04568389849503021,0.0,0.37168732123624826,0.05085329214499729,0.05085329214499729,,step
slp_hpa_step,-0.02440667745178853,0.0,0.20895521140734852,0.06643757300181197,0.06643757300181197,,step
rh_pct_step,-0.23442573914058445,0.0,1.2237124406745774,0.04132561377235869,0.04192232394226732,,step
temp_c_roll_std,0.2550497377949509,0.0,0.6196518257867671,-0.034992484931032145,0.18918998255217187,,roll_std
slp_hpa_roll_std,0.2044304102500645,0.0,0.4459683274493546,-0.10024813488684474,0.5247122721704963,,roll_std
rh_pct_roll_std,-0.3881704046911466,0.0,2.957877923465781,-0.17359668826911653,0.20056710663210017,,roll_std
temp_c_resid,-0.14495891003001105,0.0,0.5763624341406317,0.06627934025476845,0.0672222684766797,,resid
slp_hpa_resid,-0.01483991819211651,0.0,0.2027882100999262,0.07573500871139026,0.07674050147345518,,resid
rh_pct_resid,0.23774882528310698,0.0,2.03456283679096,0.0346397549260892,0.05069066305382609,,resid
temp_c_clim_dev,-0.13024478743591852,0.0,3.2758609610482545,1.6926831443808534,1.6926831443808534,,clim_dev
slp_hpa_clim_dev,-0.13216634373351532,0.0,2.0709118306532353,1.096501763180562,1.096501763180562,,clim_dev
rh_pct_clim_dev,-0.6054590522343738,0.0,2.8180069218011616,1.336279815864462,1.336279815864462,,clim_dev
hour_sin,0.0,0.0,0.0,0.0,0.0,,time
hour_cos,0.0,0.0,0.0,0.0,0.0,,time
doy_sin,0.0,0.0,0.0,0.0,0.0,,time
doy_cos,0.0,0.0,0.0,0.0,0.0,,time
