w,sigma,variable,onset,auc
1,0.5,temp_c,step,0.6688448722695297
2,0.5,temp_c,step,0.6853364494631619
3,0.5,temp_c,step,0.69556182895224
4,0.5,temp_c,step,0.6990721029248427
6,0.5,temp_c,step,0.7027443539429841
8,0.5,temp_c,step,0.6920214735283229
12,0.5,temp_c,step,0.6511616068122917
16,0.5,temp_c,step,0.5901888189559422
24,0.5,temp_c,step,0.5102485190670122
1,0.5,temp_c,step,0.5899296556830803
2,0.5,temp_c,step,0.6010135135135135
3,0.5,temp_c,step,0.6166581821547575
4,0.5,temp_c,step,0.6284084598296927
6,0.5,temp_c,step,0.6387773047019623
8,0.5,temp_c,step,0.6374421510551648
12,0.5,temp_c,step,0.6146080155497964
16,0.5,temp_c,step,0.6159755646057017
24,0.5,temp_c,step,0.6410172158459829
1,0.5,temp_c,step,0.7412046464272493
2,0.5,temp_c,step,0.7589411329137355
3,0.5,temp_c,step,0.7669474268789337
4,0.5,temp_c,step,0.7687847093669011
6,0.5,temp_c,step,0.7627637911884488
8,0.5,temp_c,step,0.7569858385783044
12,0.5,temp_c,step,0.7468483894853759
16,0.5,temp_c,step,0.7425166604961125
24,0.5,temp_c,step,0.7254674194742687
1,0.5,temp_c,ramp,0.656492965568308
2,0.5,temp_c,ramp,0.6680558126619771
3,0.5,temp_c,ramp,0.676693817104776
4,0.5,temp_c,ramp,0.6792276008885598
6,0.5,temp_c,ramp,0.6744006849315068
8,0.5,temp_c,ramp,0.6621991854868567
12,0.5,temp_c,ramp,0.6160588670862643
16,0.5,temp_c,ramp,0.5507497223250647
24,0.5,temp_c,ramp,0.47902628656053314
1,0.5,temp_c,ramp,0.572318122917438
2,0.5,temp_c,ramp,0.5815485005553498
3,0.5,temp_c,ramp,0.5974893557941503
4,0.5,temp_c,ramp,0.6077147352832284
6,0.5,temp_c,ramp,0.6154502961865976
8,0.5,temp_c,ramp,0.610947334320622
12,0.5,temp_c,ramp,0.5818284894483524
16,0.5,temp_c,ramp,0.5783691225472047
24,0.5,temp_c,ramp,0.6123380229544613
1,0.5,temp_c,ramp,0.7216054239170678
2,0.5,temp_c,ramp,0.7367780451684562
3,0.5,temp_c,ramp,0.742185764531655
4,0.5,temp_c,ramp,0.743095149944465
6,0.5,temp_c,ramp,0.7362597186227323
8,0.5,temp_c,ramp,0.7307177897075158
12,0.5,temp_c,ramp,0.723870788596816
16,0.5,temp_c,ramp,0.7219247500925584
24,0.5,temp_c,ramp,0.714876434653832
1,1.0,temp_c,step,0.8883723620881157
2,1.0,temp_c,step,0.8903878193261755
3,1.0,temp_c,step,0.8902929470566457
4,1.0,temp_c,step,0.8845011106997408
6,1.0,temp_c,step,0.8705456312476861
8,1.0,temp_c,step,0.8543571825249907
12,1.0,temp_c,step,0.8070922806368013
16,1.0,temp_c,step,0.7555812661977046
24,1.0,temp_c,step,0.6613869863013699
1,1.0,temp_c,step,0.7977462051092188
2,1.0,temp_c,step,0.8156145871899295
3,1.0,temp_c,step,0.8256409663087745
4,1.0,temp_c,step,0.8341794705664568
6,1.0,temp_c,step,0.8392678637541651
8,1.0,temp_c,step,0.8317081636430951
12,1.0,temp_c,step,0.79586727138097
16,1.0,temp_c,step,0.7653091447611995
24,1.0,temp_c,step,0.7345520177711959
1,1.0,temp_c,step,0.8996853017400962
2,1.0,temp_c,step,0.9059769529803776
3,1.0,temp_c,step,0.9027698074787117
4,1.0,temp_c,step,0.8976235653461682
6,1.0,temp_c,step,0.8800930211032951
8,1.0,temp_c,step,0.8629720473898556
12,1.0,temp_c,step,0.8292484265087006
16,1.0,temp_c,step,0.8059954646427249
24,1.0,temp_c,step,0.7791928915216586
1,1.0,temp_c,ramp,0.8344247500925583
2,1.0,temp_c,ramp,0.8440947797112182
3,1.0,temp_c,ramp,0.8461819696408738
4,1.0,temp_c,ramp,0.8420029618659755
6,1.0,temp_c,ramp,0.8295307293594966
8,1.0,temp_c,ramp,0.8056298593113662
12,1.0,temp_c,ramp,0.7500740466493891
16,1.0,temp_c,ramp,0.6983663457978527
24,1.0,temp_c,ramp,0.6144182710107366
1,1.0,temp_c,ramp,0.7633376527212143
2,1.0,temp_c,ramp,0.7820737689744538
3,1.0,temp_c,ramp,0.7884140133283969
4,1.0,temp_c,ramp,0.790397075157349
6,1.0,temp_c,ramp,0.7894159570529435
8,1.0,temp_c,ramp,0.7774759348389485
12,1.0,temp_c,ramp,0.7476999259533506
16,1.0,temp_c,ramp,0.7193493150684931
24,1.0,temp_c,ramp,0.708034061458719
1,1.0,temp_c,ramp,0.8644576082932247
2,1.0,temp_c,ramp,0.8692035357275084
3,1.0,temp_c,ramp,0.8676670677526842
4,1.0,temp_c,ramp,0.8619654757497223
6,1.0,temp_c,ramp,0.8458533876342097
8,1.0,temp_c,ramp,0.8295631247686042
12,1.0,temp_c,ramp,0.8039730655312848
16,1.0,temp_c,ramp,0.7845288781932618
24,1.0,temp_c,ramp,0.7627846168085894
1,1.5,temp_c,step,0.9758330248056276
2,1.5,temp_c,step,0.9648023880044428
3,1.5,temp_c,step,0.9538203443169198
4,1.5,temp_c,step,0.9425837652721214
6,1.5,temp_c,step,0.9235954276194002
8,1.5,temp_c,step,0.9055558126619772
12,1.5,temp_c,step,0.8668456127360238
16,1.5,temp_c,step,0.8225703443169197
24,1.5,temp_c,step,0.7531816919659386
1,1.5,temp_c,step,0.9360861717882267
2,1.5,temp_c,step,0.9412370418363569
3,1.5,temp_c,step,0.9429678822658275
4,1.5,temp_c,step,0.9408066456867827
6,1.5,temp_c,step,0.9358408922621251
8,1.5,temp_c,step,0.9201915957052943
12,1.5,temp_c,step,0.8686065346168087
16,1.5,temp_c,step,0.8368173824509442
24,1.5,temp_c,step,0.7847093669011477
1,1.5,temp_c,step,0.961162532395409
2,1.5,temp_c,step,0.957904479822288
3,1.5,temp_c,step,0.9493706034801925
4,1.5,temp_c,step,0.9429771380970011
6,1.5,temp_c,step,0.930097649018882
8,1.5,temp_c,step,0.9153831914105888
12,1.5,temp_c,step,0.8834135505368382
16,1.5,temp_c,step,0.8524736208811551
24,1.5,temp_c,step,0.8080132358385783
1,1.5,temp_c,ramp,0.9190184191040357
2,1.5,temp_c,ramp,0.9125740466493891
3,1.5,temp_c,ramp,0.9043432987782302
4,1.5,temp_c,ramp,0.8943446871529065
6,1.5,temp_c,ramp,0.8748773602369492
8,1.5,temp_c,ramp,0.854618659755646
12,1.5,temp_c,ramp,0.8149944465012958
16,1.5,temp_c,ramp,0.7709783413550536
24,1.5,temp_c,ramp,0.703313587560163
1,1.5,temp_c,ramp,0.8999352091817846
2,1.5,temp_c,ramp,0.906379581636431
3,1.5,temp_c,ramp,0.9068261754905591
4,1.5,temp_c,ramp,0.9038249722325065
6,1.5,temp_c,ramp,0.8871737319511294
8,1.5,temp_c,ramp,0.8652073306182896
12,1.5,temp_c,ramp,0.8176138467234358
16,1.5,temp_c,ramp,0.7862898000740467
24,1.5,temp_c,ramp,0.7453119215105516
1,1.5,temp_c,ramp,0.9231094964827842
2,1.5,temp_c,ramp,0.9176300444279898
3,1.5,temp_c,ramp,0.9118474639022583
4,1.5,temp_c,ramp,0.9039915771936321
6,1.5,temp_c,ramp,0.8913018326545723
8,1.5,temp_c,ramp,0.8786953905960756
12,1.5,temp_c,ramp,0.8527721214365049
16,1.5,temp_c,ramp,0.8246853017400961
24,1.5,temp_c,ramp,0.7898995742317662
1,2.0,temp_c,step,0.9961333765272121
2,2.0,temp_c,step,0.9884024435394299
3,2.0,temp_c,step,0.975462791558682
4,2.0,temp_c,step,0.9635528507960015
6,2.0,temp_c,step,0.942981766012588
8,2.0,temp_c,step,0.9292137171417993
12,2.0,temp_c,step,0.8957793409848203
16,2.0,temp_c,step,0.8609450203628286
24,2.0,temp_c,step,0.7987226952980377
1,2.0,temp_c,step,0.9816456867826732
2,2.0,temp_c,step,0.977772121436505
3,2.0,temp_c,step,0.9718391336542022
4,2.0,temp_c,step,0.9666581821547575
6,2.0,temp_c,step,0.95645362828582
8,2.0,temp_c,step,0.9422436134764902
12,2.0,temp_c,step,0.905680766382821
16,2.0,temp_c,step,0.8808728248796742
24,2.0,temp_c,step,0.8381432802665679
1,2.0,temp_c,step,0.9853503332099223
2,2.0,temp_c,step,0.9804493706034803
3,2.0,temp_c,step,0.9743382080710847
4,2.0,temp_c,step,0.9682524990744169
6,2.0,temp_c,step,0.9540401703072935
8,2.0,temp_c,step,0.9383191410588672
12,2.0,temp_c,step,0.9068955942243614
16,2.0,temp_c,step,0.8828096075527584
24,2.0,temp_c,step,0.8438980932987782
1,2.0,temp_c,ramp,0.9504697334320623
2,2.0,temp_c,ramp,0.938370048130322
3,2.0,temp_c,ramp,0.9235306368011847
4,2.0,temp_c,ramp,0.9124398370973713
6,2.0,temp_c,ramp,0.8921394853757866
8,2.0,temp_c,ramp,0.8770964457608292
12,2.0,temp_c,ramp,0.8481534616808589
16,2.0,temp_c,ramp,0.8111509626064419
24,2.0,temp_c,ramp,0.756356442058497
1,2.0,temp_c,ramp,0.9503632913735653
2,2.0,temp_c,ramp,0.9476791003332099
3,2.0,temp_c,ramp,0.9395085153646797
4,2.0,temp_c,ramp,0.9324324324324325
6,2.0,temp_c,ramp,0.9123287671232876
8,2.0,temp_c,ramp,0.8963092373195113
12,2.0,temp_c,ramp,0.8497431506849316
16,2.0,temp_c,ramp,0.8214897260273972
24,2.0,temp_c,ramp,0.7810000925583118
1,2.0,temp_c,ramp,0.9516429100333209
2,2.0,temp_c,ramp,0.9417206590151795
3,2.0,temp_c,ramp,0.9331520733061829
4,2.0,temp_c,ramp,0.9269483524620513
6,2.0,temp_c,ramp,0.9106280081451315
8,2.0,temp_c,ramp,0.9008399666790078
12,2.0,temp_c,ramp,0.8779086449463162
16,2.0,temp_c,ramp,0.8565508145131433
24,2.0,temp_c,ramp,0.8183728248796742
1,3.0,temp_c,step,0.999921325435024
2,3.0,temp_c,step,0.9978642169566827
3,3.0,temp_c,step,0.9922991484635321
4,3.0,temp_c,step,0.9805257312106627
6,3.0,temp_c,step,0.9661653091447612
8,3.0,temp_c,step,0.9515989448352461
12,3.0,temp_c,step,0.9249583487597187
16,3.0,temp_c,step,0.8977855423917067
24,3.0,temp_c,step,0.843800907071455
1,3.0,temp_c,step,0.9985074972232506
2,3.0,temp_c,step,0.9937014068863383
3,3.0,temp_c,step,0.9868220103665309
4,3.0,temp_c,step,0.9820575712699001
6,3.0,temp_c,step,0.9711680858941134
8,3.0,temp_c,step,0.9616206960385043
12,3.0,temp_c,step,0.9405174009626064
16,3.0,temp_c,step,0.923650962606442
24,3.0,temp_c,step,0.8929192891521659
1,3.0,temp_c,step,0.9989934283598667
2,3.0,temp_c,step,0.9940808959644576
3,3.0,temp_c,step,0.9884070714550167
4,3.0,temp_c,step,0.9831266197704555
6,3.0,temp_c,step,0.973243706034802
8,3.0,temp_c,step,0.9606465198074786
12,3.0,temp_c,step,0.9338138652350981
16,3.0,temp_c,step,0.9147190855238803
24,3.0,temp_c,step,0.8796510551647537
1,3.0,temp_c,ramp,0.9763791188448723
2,3.0,temp_c,ramp,0.956199092928545
3,3.0,temp_c,ramp,0.9434723250647907
4,3.0,temp_c,ramp,0.9323630136986302
6,3.0,temp_c,ramp,0.9150314698259904
8,3.0,temp_c,ramp,0.9029225286930767
12,3.0,temp_c,ramp,0.8789013328396889
16,3.0,temp_c,ramp,0.8509510366530916
24,3.0,temp_c,ramp,0.8013258978156238
1,3.0,temp_c,ramp,0.977901703072936
2,3.0,temp_c,ramp,0.967468067382451
3,3.0,temp_c,ramp,0.9607390781192152
4,3.0,temp_c,ramp,0.9481233802295446
6,3.0,temp_c,ramp,0.9354104961125509
8,3.0,temp_c,ramp,0.9237250092558312
12,3.0,temp_c,ramp,0.8881108848574603
16,3.0,temp_c,ramp,0.8677295446131063
24,3.0,temp_c,ramp,0.8368335801554979
1,3.0,temp_c,ramp,0.9764925027767493
2,3.0,temp_c,ramp,0.9661421695668272
3,3.0,temp_c,ramp,0.9534107737874861
4,3.0,temp_c,ramp,0.9456011662347279
6,3.0,temp_c,ramp,0.9339133654202147
8,3.0,temp_c,ramp,0.9238245094409478
12,3.0,temp_c,ramp,0.9035565531284708
16,3.0,temp_c,ramp,0.8857089966679008
24,3.0,temp_c,ramp,0.8573583857830434
1,4.0,temp_c,step,1.0
2,4.0,temp_c,step,0.9993706034801925
3,4.0,temp_c,step,0.9970520177711959
4,4.0,temp_c,step,0.9907835061088486
6,4.0,temp_c,step,0.9768025731210663
8,4.0,temp_c,step,0.966480007404665
12,4.0,temp_c,step,0.9394136430951499
16,4.0,temp_c,step,0.9180326730840428
24,4.0,temp_c,step,0.8710894113291374
1,4.0,temp_c,step,0.9998634764901888
2,4.0,temp_c,step,0.9984103109959275
3,4.0,temp_c,step,0.9930211032950759
4,4.0,temp_c,step,0.9873634764901887
6,4.0,temp_c,step,0.9787439837097371
8,4.0,temp_c,step,0.97086727138097
12,4.0,temp_c,step,0.9543733802295445
16,4.0,temp_c,step,0.9412000185116622
24,4.0,temp_c,step,0.9151170862643465
1,4.0,temp_c,step,0.9999537208441317
2,4.0,temp_c,step,0.996538319141059
3,4.0,temp_c,step,0.9941040355423917
4,4.0,temp_c,step,0.9894067012217697
6,4.0,temp_c,step,0.9825365605331359
8,4.0,temp_c,step,0.9720242502776749
12,4.0,temp_c,step,0.9501249537208442
16,4.0,temp_c,step,0.9326823398741207
24,4.0,temp_c,step,0.8967789707515735
1,4.0,temp_c,ramp,0.9880507219548316
2,4.0,temp_c,ramp,0.9648694927804518
3,4.0,temp_c,ramp,0.9561019067012217
4,4.0,temp_c,ramp,0.9460801554979636
6,4.0,temp_c,ramp,0.9288828211773417
8,4.0,temp_c,ramp,0.9174958348759716
12,4.0,temp_c,ramp,0.8957307478711589
16,4.0,temp_c,ramp,0.8718692151055165
24,4.0,temp_c,ramp,0.8246644761199556
1,4.0,temp_c,ramp,0.9852230655312847
2,4.0,temp_c,ramp,0.9782811921510551
3,4.0,temp_c,ramp,0.9664198445020363
4,4.0,temp_c,ramp,0.9601212513883747
6,4.0,temp_c,ramp,0.9467072380599777
8,4.0,temp_c,ramp,0.9374236393928175
12,4.0,temp_c,ramp,0.9081543872639763
16,4.0,temp_c,ramp,0.8913411699370604
24,4.0,temp_c,ramp,0.8635991299518697
1,4.0,temp_c,ramp,0.9857899851906701
2,4.0,temp_c,ramp,0.9752036282858201
3,4.0,temp_c,ramp,0.9652651795631246
4,4.0,temp_c,ramp,0.9557432432432432
6,4.0,temp_c,ramp,0.9468669011477231
8,4.0,temp_c,ramp,0.9368382080710849
12,4.0,temp_c,ramp,0.9172065901517956
16,4.0,temp_c,ramp,0.9023417252869308
24,4.0,temp_c,ramp,0.87207515734913
1,0.5,slp_hpa,step,0.5368798593113662
2,0.5,slp_hpa,step,0.5249143835616439
3,0.5,slp_hpa,step,0.5247014994446502
4,0.5,slp_hpa,step,0.5262379674194743
6,0.5,slp_hpa,step,0.5317613846723436
8,0.5,slp_hpa,step,0.5433728248796742
12,0.5,slp_hpa,step,0.5432015920029618
16,0.5,slp_hpa,step,0.5012379674194742
24,0.5,slp_hpa,step,0.46056321732691596
1,0.5,slp_hpa,step,0.6020490096260644
2,0.5,slp_hpa,step,0.6189559422436134
3,0.5,slp_hpa,step,0.6284223435764532
4,0.5,slp_hpa,step,0.633429748241392
6,0.5,slp_hpa,step,0.6376180118474639
8,0.5,slp_hpa,step,0.6359704738985561
12,0.5,slp_hpa,step,0.6125023139577934
16,0.5,slp_hpa,step,0.5941688263606072
24,0.5,slp_hpa,step,0.5799079044798222
1,0.5,slp_hpa,step,0.642020316549426
2,0.5,slp_hpa,step,0.6478549611255091
3,0.5,slp_hpa,step,0.6407117734172529
4,0.5,slp_hpa,step,0.6373472787856349
6,0.5,slp_hpa,step,0.6442104776008885
8,0.5,slp_hpa,step,0.6487018696778971
12,0.5,slp_hpa,step,0.6639531654942614
16,0.5,slp_hpa,step,0.686370788596816
24,0.5,slp_hpa,step,0.6978271936319881
1,0.5,slp_hpa,ramp,0.5104498333950389
2,0.5,slp_hpa,ramp,0.49734589041095895
3,0.5,slp_hpa,ramp,0.4956983524620511
4,0.5,slp_hpa,ramp,0.49732969270640504
6,0.5,slp_hpa,ramp,0.5017262125138838
8,0.5,slp_hpa,ramp,0.5147121436504998
12,0.5,slp_hpa,ramp,0.5145964457608293
16,0.5,slp_hpa,ramp,0.4712120510921881
24,0.5,slp_hpa,ramp,0.43523463532025175
1,0.5,slp_hpa,ramp,0.5892782765642355
2,0.5,slp_hpa,ramp,0.6058196038504258
3,0.5,slp_hpa,ramp,0.6151448537578674
4,0.5,slp_hpa,ramp,0.619624676045909
6,0.5,slp_hpa,ramp,0.6222139948167346
8,0.5,slp_hpa,ramp,0.6212999814883376
12,0.5,slp_hpa,ramp,0.5951175490559052
16,0.5,slp_hpa,ramp,0.5745788596815994
24,0.5,slp_hpa,ramp,0.5693770825620141
1,0.5,slp_hpa,ramp,0.6253320529433544
2,0.5,slp_hpa,ramp,0.6331266197704554
3,0.5,slp_hpa,ramp,0.6259186412439837
4,0.5,slp_hpa,ramp,0.6246945575712699
6,0.5,slp_hpa,ramp,0.6300236023694927
8,0.5,slp_hpa,ramp,0.6341794705664568
12,0.5,slp_hpa,ramp,0.6508584783413551
16,0.5,slp_hpa,ramp,0.6733663457978526
24,0.5,slp_hpa,ramp,0.6939374305812662
1,1.0,slp_hpa,step,0.6916581821547574
2,1.0,slp_hpa,step,0.7017794335431322
3,1.0,slp_hpa,step,0.7050559977786005
4,1.0,slp_hpa,step,0.7071940947797112
6,1.0,slp_hpa,step,0.7104984265087005
8,1.0,slp_hpa,step,0.7118544057756386
12,1.0,slp_hpa,step,0.7032742502776748
16,1.0,slp_hpa,step,0.6717488893002591
24,1.0,slp_hpa,step,0.6360329507589783
1,1.0,slp_hpa,step,0.7741253239540911
2,1.0,slp_hpa,step,0.7854058681969641
3,1.0,slp_hpa,step,0.7891220844131803
4,1.0,slp_hpa,step,0.7880090707145502
6,1.0,slp_hpa,step,0.7754743613476488
8,1.0,slp_hpa,step,0.7598389485375787
12,1.0,slp_hpa,step,0.7244099407626805
16,1.0,slp_hpa,step,0.6945945945945946
24,1.0,slp_hpa,step,0.6520594224361348
1,1.0,slp_hpa,step,0.7992456497593484
2,1.0,slp_hpa,step,0.8083811551277306
3,1.0,slp_hpa,step,0.8057455572010367
4,1.0,slp_hpa,step,0.8037694372454646
6,1.0,slp_hpa,step,0.7937199185486856
8,1.0,slp_hpa,step,0.7785334135505368
12,1.0,slp_hpa,step,0.7593599592743427
16,1.0,slp_hpa,step,0.7506571640133285
24,1.0,slp_hpa,step,0.7358917993335802
1,1.0,slp_hpa,ramp,0.6592905405405406
2,1.0,slp_hpa,ramp,0.6651332839689004
3,1.0,slp_hpa,ramp,0.6653693076638282
4,1.0,slp_hpa,ramp,0.6644807478711588
6,1.0,slp_hpa,ramp,0.6632589781562385
8,1.0,slp_hpa,ramp,0.6657071455016661
12,1.0,slp_hpa,ramp,0.6587120510921881
16,1.0,slp_hpa,ramp,0.6206844687152906
24,1.0,slp_hpa,ramp,0.5914105886708626
1,1.0,slp_hpa,ramp,0.7459968530174009
2,1.0,slp_hpa,ramp,0.759089226212514
3,1.0,slp_hpa,ramp,0.763876804887079
4,1.0,slp_hpa,ramp,0.7613869863013699
6,1.0,slp_hpa,ramp,0.7466401332839688
8,1.0,slp_hpa,ramp,0.7298014624213254
12,1.0,slp_hpa,ramp,0.6912069603850425
16,1.0,slp_hpa,ramp,0.6597556460570159
24,1.0,slp_hpa,ramp,0.6265873750462791
1,1.0,slp_hpa,ramp,0.7694303035912626
2,1.0,slp_hpa,ramp,0.7803984635320251
3,1.0,slp_hpa,ramp,0.7803082191780821
4,1.0,slp_hpa,ramp,0.7744029988893003
6,1.0,slp_hpa,ramp,0.7604729729729729
8,1.0,slp_hpa,ramp,0.7465799703813402
12,1.0,slp_hpa,ramp,0.7287509255831175
16,1.0,slp_hpa,ramp,0.7274527952610145
24,1.0,slp_hpa,ramp,0.7263073861532765
1,1.5,slp_hpa,step,0.812782302850796
2,1.5,slp_hpa,step,0.8203628285820066
3,1.5,slp_hpa,step,0.822121436504998
4,1.5,slp_hpa,step,0.8223759718622733
6,1.5,slp_hpa,step,0.814695945945946
8,1.5,slp_hpa,step,0.8039082747130691
12,1.5,slp_hpa,step,0.7748565346168086
16,1.5,slp_hpa,step,0.7474245649759348
24,1.5,slp_hpa,step,0.7051994631617919
1,1.5,slp_hpa,step,0.8991392077008515
2,1.5,slp_hpa,step,0.9001804887078859
3,1.5,slp_hpa,step,0.9007381525360978
4,1.5,slp_hpa,step,0.8963462606442059
6,1.5,slp_hpa,step,0.8809029063309886
8,1.5,slp_hpa,step,0.8610167530544243
12,1.5,slp_hpa,step,0.8177457423176602
16,1.5,slp_hpa,step,0.7766359681599408
24,1.5,slp_hpa,step,0.7126504072565717
1,1.5,slp_hpa,step,0.9197473158089596
2,1.5,slp_hpa,step,0.9176971492039985
3,1.5,slp_hpa,step,0.9106557756386525
4,1.5,slp_hpa,step,0.9016359681599407
6,1.5,slp_hpa,step,0.8831127360236949
8,1.5,slp_hpa,step,0.8640619215105516
12,1.5,slp_hpa,step,0.8388189559422438
16,1.5,slp_hpa,step,0.8117063124768605
24,1.5,slp_hpa,step,0.7736764161421695
1,1.5,slp_hpa,ramp,0.7826962236208811
2,1.5,slp_hpa,ramp,0.7820945945945946
3,1.5,slp_hpa,ramp,0.7798431136616067
4,1.5,slp_hpa,ramp,0.7764045723805997
6,1.5,slp_hpa,ramp,0.7674564975934839
8,1.5,slp_hpa,ramp,0.758626434653832
12,1.5,slp_hpa,ramp,0.7309862088115513
16,1.5,slp_hpa,ramp,0.6997709181784525
24,1.5,slp_hpa,ramp,0.6711865975564606
1,1.5,slp_hpa,ramp,0.8594941688263604
2,1.5,slp_hpa,ramp,0.8669937060348019
3,1.5,slp_hpa,ramp,0.8670862643465385
4,1.5,slp_hpa,ramp,0.859818122917438
6,1.5,slp_hpa,ramp,0.8404850055534988
8,1.5,slp_hpa,ramp,0.8198421880784893
12,1.5,slp_hpa,ramp,0.7740721029248426
16,1.5,slp_hpa,ramp,0.7332446316179191
24,1.5,slp_hpa,ramp,0.6791049611255091
1,1.5,slp_hpa,ramp,0.8811504998148834
2,1.5,slp_hpa,ramp,0.8804563124768605
3,1.5,slp_hpa,ramp,0.8752823028507961
4,1.5,slp_hpa,ramp,0.8633330248056273
6,1.5,slp_hpa,ramp,0.8440299888930025
8,1.5,slp_hpa,ramp,0.8248102554609403
12,1.5,slp_hpa,ramp,0.7992155683080342
16,1.5,slp_hpa,ramp,0.7802226027397259
24,1.5,slp_hpa,ramp,0.7564837097371343
1,2.0,slp_hpa,step,0.9020848759718622
2,2.0,slp_hpa,step,0.908610236949278
3,2.0,slp_hpa,step,0.9062430581266198
4,2.0,slp_hpa,step,0.9017817475009255
6,2.0,slp_hpa,step,0.8883839318770825
8,2.0,slp_hpa,step,0.8699231766012587
12,2.0,slp_hpa,step,0.8345936690114772
16,2.0,slp_hpa,step,0.795024990744169
24,2.0,slp_hpa,step,0.7323653276564236
1,2.0,slp_hpa,step,0.9693655127730471
2,2.0,slp_hpa,step,0.9659848204368753
3,2.0,slp_hpa,step,0.9583371899296557
4,2.0,slp_hpa,step,0.950360977415772
6,2.0,slp_hpa,step,0.9301416142169566
8,2.0,slp_hpa,step,0.9095335061088486
12,2.0,slp_hpa,step,0.8657325990373936
16,2.0,slp_hpa,step,0.827376434653832
24,2.0,slp_hpa,step,0.7621089411329137
1,2.0,slp_hpa,step,0.9683519992595335
2,2.0,slp_hpa,step,0.959857460199926
3,2.0,slp_hpa,step,0.9530312847093668
4,2.0,slp_hpa,step,0.9419728804146612
6,2.0,slp_hpa,step,0.9208071084783414
8,2.0,slp_hpa,step,0.9032788781932618
12,2.0,slp_hpa,step,0.8821894668641244
16,2.0,slp_hpa,step,0.8578859681599408
24,2.0,slp_hpa,step,0.8069835246205108
1,2.0,slp_hpa,ramp,0.871945575712699
2,2.0,slp_hpa,ramp,0.8715059237319511
3,2.0,slp_hpa,ramp,0.8668895779340986
4,2.0,slp_hpa,ramp,0.8580942243613476
6,2.0,slp_hpa,ramp,0.8432686967789709
8,2.0,slp_hpa,ramp,0.8250532210292484
12,2.0,slp_hpa,ramp,0.7872130692336172
16,2.0,slp_hpa,ramp,0.7464527027027027
24,2.0,slp_hpa,ramp,0.7034593669011477
1,2.0,slp_hpa,ramp,0.930708533876342
2,2.0,slp_hpa,ramp,0.9319580710847835
3,2.0,slp_hpa,ramp,0.9248657904479821
4,2.0,slp_hpa,ramp,0.913832839689004
6,2.0,slp_hpa,ramp,0.889543224731581
8,2.0,slp_hpa,ramp,0.8667160310995926
12,2.0,slp_hpa,ramp,0.8209760273972603
16,2.0,slp_hpa,ramp,0.783327934098482
24,2.0,slp_hpa,ramp,0.7240119400222139
1,2.0,slp_hpa,ramp,0.9310857089966679
2,2.0,slp_hpa,ramp,0.9226119955572011
3,2.0,slp_hpa,ramp,0.9127938726397631
4,2.0,slp_hpa,ramp,0.8989587189929655
6,2.0,slp_hpa,ramp,0.8803568122917439
8,2.0,slp_hpa,ramp,0.8636130136986301
12,2.0,slp_hpa,ramp,0.8440184191040356
16,2.0,slp_hpa,ramp,0.8266359681599408
24,2.0,slp_hpa,ramp,0.7892030729359496
1,3.0,slp_hpa,step,0.9898671788226583
2,3.0,slp_hpa,step,0.9845959829692706
3,3.0,slp_hpa,step,0.9781793780081451
4,3.0,slp_hpa,step,0.9702124213254351
6,3.0,slp_hpa,step,0.9499629766753055
8,3.0,slp_hpa,step,0.9282649944465013
12,3.0,slp_hpa,step,0.8867919289152165
16,3.0,slp_hpa,step,0.8464457608293224
24,3.0,slp_hpa,step,0.7836056090336913
1,3.0,slp_hpa,step,0.9982321362458348
2,3.0,slp_hpa,step,0.9921880784894483
3,3.0,slp_hpa,step,0.9818562569418733
4,3.0,slp_hpa,step,0.9729984265087004
6,3.0,slp_hpa,step,0.9581150499814883
8,3.0,slp_hpa,step,0.9426925212884117
12,3.0,slp_hpa,step,0.9095288781932617
16,3.0,slp_hpa,step,0.8792160310995927
24,3.0,slp_hpa,step,0.8198884672343576
1,3.0,slp_hpa,step,0.9919682524990744
2,3.0,slp_hpa,step,0.9875763606071826
3,3.0,slp_hpa,step,0.97812152906331
4,3.0,slp_hpa,step,0.9705109218807849
6,3.0,slp_hpa,step,0.9565970936690117
8,3.0,slp_hpa,step,0.9416628100703441
12,3.0,slp_hpa,step,0.9229197519437246
16,3.0,slp_hpa,step,0.8976536467974824
24,3.0,slp_hpa,step,0.8397514809329878
1,3.0,slp_hpa,ramp,0.9632427804516845
2,3.0,slp_hpa,ramp,0.9491530914476121
3,3.0,slp_hpa,ramp,0.9353873565346168
4,3.0,slp_hpa,ramp,0.9246991854868568
6,3.0,slp_hpa,ramp,0.9002105701592004
8,3.0,slp_hpa,ramp,0.87903091447612
12,3.0,slp_hpa,ramp,0.8396890040725657
16,3.0,slp_hpa,ramp,0.8008538504257683
24,3.0,slp_hpa,ramp,0.7406654942613846
1,3.0,slp_hpa,ramp,0.9719039244724176
2,3.0,slp_hpa,ramp,0.963182617549056
3,3.0,slp_hpa,ramp,0.9502198259903739
4,3.0,slp_hpa,ramp,0.938127082562014
6,3.0,slp_hpa,ramp,0.9179956497593484
8,3.0,slp_hpa,ramp,0.9002360236949278
12,3.0,slp_hpa,ramp,0.8631918733802295
16,3.0,slp_hpa,ramp,0.8355331358756016
24,3.0,slp_hpa,ramp,0.7813587560162902
1,3.0,slp_hpa,ramp,0.9661838208071084
2,3.0,slp_hpa,ramp,0.9529017030729359
3,3.0,slp_hpa,ramp,0.9400175860792299
4,3.0,slp_hpa,ramp,0.930814975934839
6,3.0,slp_hpa,ramp,0.9153739355794149
8,3.0,slp_hpa,ramp,0.9035496112550908
12,3.0,slp_hpa,ramp,0.8902651795631247
16,3.0,slp_hpa,ramp,0.8698606997408367
24,3.0,slp_hpa,ramp,0.821110236949278
1,4.0,slp_hpa,step,0.9994886153276565
2,4.0,slp_hpa,step,0.9946408737504628
3,4.0,slp_hpa,step,0.987668918918919
4,4.0,slp_hpa,step,0.9820436875231396
6,4.0,slp_hpa,step,0.9654109589041097
8,4.0,slp_hpa,step,0.9490211958533875
12,4.0,slp_hpa,step,0.912770733061829
16,4.0,slp_hpa,step,0.8775314698259904
24,4.0,slp_hpa,step,0.8242109403924472
1,4.0,slp_hpa,step,0.9999444650129582
2,4.0,slp_hpa,step,0.9968784709366901
3,4.0,slp_hpa,step,0.9896890040725658
4,4.0,slp_hpa,step,0.9829831543872639
6,4.0,slp_hpa,step,0.969416419844502
8,4.0,slp_hpa,step,0.9574347463902257
12,4.0,slp_hpa,step,0.9320645131432802
16,4.0,slp_hpa,step,0.9058219178082192
24,4.0,slp_hpa,step,0.8523047019622362
1,4.0,slp_hpa,step,0.9988407071455015
2,4.0,slp_hpa,step,0.9952448167345428
3,4.0,slp_hpa,step,0.9897514809329877
4,4.0,slp_hpa,step,0.9820598852276934
6,4.0,slp_hpa,step,0.9698236764161421
8,4.0,slp_hpa,step,0.9569117919289152
12,4.0,slp_hpa,step,0.9397422251018142
16,4.0,slp_hpa,step,0.9161236579044798
24,4.0,slp_hpa,step,0.8611810440577563
1,4.0,slp_hpa,ramp,0.9822010366530914
2,4.0,slp_hpa,ramp,0.9666928915216585
3,4.0,slp_hpa,ramp,0.9521774342835987
4,4.0,slp_hpa,ramp,0.9406377267678637
6,4.0,slp_hpa,ramp,0.9213601443909665
8,4.0,slp_hpa,ramp,0.9012865605331358
12,4.0,slp_hpa,ramp,0.864978248796742
16,4.0,slp_hpa,ramp,0.8283205294335432
24,4.0,slp_hpa,ramp,0.7790262865605331
1,4.0,slp_hpa,ramp,0.984230377637912
2,4.0,slp_hpa,ramp,0.9716169937060347
3,4.0,slp_hpa,ramp,0.9600796001480933
4,4.0,slp_hpa,ramp,0.9488083117363939
6,4.0,slp_hpa,ramp,0.9326268048870788
8,4.0,slp_hpa,ramp,0.9164915771936318
12,4.0,slp_hpa,ramp,0.8864402073306182
16,4.0,slp_hpa,ramp,0.8617595335061089
24,4.0,slp_hpa,ramp,0.8118405220288782
1,4.0,slp_hpa,ramp,0.9815577563865234
2,4.0,slp_hpa,ramp,0.966581821547575
3,4.0,slp_hpa,ramp,0.9523023880044428
4,4.0,slp_hpa,ramp,0.9439050351721584
6,4.0,slp_hpa,ramp,0.9311852091817845
8,4.0,slp_hpa,ramp,0.9202425027767493
12,4.0,slp_hpa,ramp,0.9086750277674936
16,4.0,slp_hpa,ramp,0.889651980747871
24,4.0,slp_hpa,ramp,0.8378123843021104
1,0.5,rh_pct,step,0.621225219537934
2,0.5,rh_pct,step,0.6308300041457806
3,0.5,rh_pct,step,0.6316144047035768
4,0.5,rh_pct,step,0.6238198658274603
6,0.5,rh_pct,step,0.6065913202427166
8,0.5,rh_pct,step,0.5882321071872761
12,0.5,rh_pct,step,0.5380398937172578
16,0.5,rh_pct,step,0.47406413711227524
24,0.5,rh_pct,step,0.40219255267025966
1,0.5,rh_pct,step,0.5766220844131802
2,0.5,rh_pct,step,0.5956890966308774
3,0.5,rh_pct,step,0.6012726767863754
4,0.5,rh_pct,step,0.6018581081081081
6,0.5,rh_pct,step,0.6022908182154758
8,0.5,rh_pct,step,0.6114008700481304
12,0.5,rh_pct,step,0.6091401332839689
16,0.5,rh_pct,step,0.6002799888930026
24,0.5,rh_pct,step,0.6152906330988523
1,0.5,rh_pct,step,0.6536275421405241
2,0.5,rh_pct,step,0.6640082969744654
3,0.5,rh_pct,step,0.6744653458264788
4,0.5,rh_pct,step,0.6868750447035261
6,0.5,rh_pct,step,0.701349450444651
8,0.5,rh_pct,step,0.6998712538445032
12,0.5,rh_pct,step,0.697203347400043
16,0.5,rh_pct,step,0.7046730086069188
24,0.5,rh_pct,step,0.6996590611067401
1,0.5,rh_pct,ramp,0.5960348905137
2,0.5,rh_pct,ramp,0.604909452380055
3,0.5,rh_pct,ramp,0.6032888290053895
4,0.5,rh_pct,ramp,0.5991972260958052
6,0.5,rh_pct,ramp,0.5847859269588813
8,0.5,rh_pct,ramp,0.5632290449628765
12,0.5,rh_pct,ramp,0.5049560924132213
16,0.5,rh_pct,ramp,0.4444842271887838
24,0.5,rh_pct,ramp,0.3868743639995478
1,0.5,rh_pct,ramp,0.5662671232876711
2,0.5,rh_pct,ramp,0.5789753794890782
3,0.5,rh_pct,ramp,0.5888536653091447
4,0.5,rh_pct,ramp,0.5872338948537579
6,0.5,rh_pct,ramp,0.5867919289152166
8,0.5,rh_pct,ramp,0.5932663828211773
12,0.5,rh_pct,ramp,0.5858617178822658
16,0.5,rh_pct,ramp,0.5691919659385413
24,0.5,rh_pct,ramp,0.5940184191040354
1,0.5,rh_pct,ramp,0.6402975466704813
2,0.5,rh_pct,ramp,0.6479341010418901
3,0.5,rh_pct,ramp,0.6562644541401425
4,0.5,rh_pct,ramp,0.6661993658059748
6,0.5,rh_pct,ramp,0.680542641203538
8,0.5,rh_pct,ramp,0.6722444746441599
12,0.5,rh_pct,ramp,0.6694871611472714
16,0.5,rh_pct,ramp,0.6774408125312924
24,0.5,rh_pct,ramp,0.6883842357485158
1,1.0,rh_pct,step,0.7534591357931633
2,1.0,rh_pct,step,0.7564895601703538
3,1.0,rh_pct,step,0.7562846266912902
4,1.0,rh_pct,step,0.7500518222590736
6,1.0,rh_pct,step,0.7440804846794558
8,1.0,rh_pct,step,0.7222798025100818
12,1.0,rh_pct,step,0.6665119850751894
16,1.0,rh_pct,step,0.5974423359589945
24,1.0,rh_pct,step,0.5002496890664455
1,1.0,rh_pct,step,0.8012171417993335
2,1.0,rh_pct,step,0.8170052758237689
3,1.0,rh_pct,step,0.8273000740466493
4,1.0,rh_pct,step,0.8286791928915216
6,1.0,rh_pct,step,0.8215984820436875
8,1.0,rh_pct,step,0.811771103295076
12,1.0,rh_pct,step,0.7837837837837838
16,1.0,rh_pct,step,0.7546441132913736
24,1.0,rh_pct,step,0.7183242317660126
1,1.0,rh_pct,step,0.8087881172066853
2,1.0,rh_pct,step,0.8307393367188803
3,1.0,rh_pct,step,0.8393605607610328
4,1.0,rh_pct,step,0.8444508022792837
6,1.0,rh_pct,step,0.8463653052952816
8,1.0,rh_pct,step,0.8372696278282431
12,1.0,rh_pct,step,0.824633431085044
16,1.0,rh_pct,step,0.8096869561070977
24,1.0,rh_pct,step,0.7807643706935602
1,1.0,rh_pct,ramp,0.7264079165567406
2,1.0,rh_pct,ramp,0.7240417593185844
3,1.0,rh_pct,ramp,0.7206544680209551
4,1.0,rh_pct,ramp,0.7057649907662157
6,1.0,rh_pct,ramp,0.686258621339464
8,1.0,rh_pct,ramp,0.6688781423133456
12,1.0,rh_pct,ramp,0.618079372856443
16,1.0,rh_pct,ramp,0.5553285060113821
24,1.0,rh_pct,ramp,0.46807748841065844
1,1.0,rh_pct,ramp,0.7693076638282117
2,1.0,rh_pct,ramp,0.7863800444279896
3,1.0,rh_pct,ramp,0.7895339689004072
4,1.0,rh_pct,ramp,0.787793872639763
6,1.0,rh_pct,ramp,0.7781793780081452
8,1.0,rh_pct,ramp,0.7685417437985931
12,1.0,rh_pct,ramp,0.7300675675675675
16,1.0,rh_pct,ramp,0.7070413735653462
24,1.0,rh_pct,ramp,0.6894830618289522
1,1.0,rh_pct,ramp,0.7796533390553846
2,1.0,rh_pct,ramp,0.8068783825668169
3,1.0,rh_pct,ramp,0.8164485134587417
4,1.0,rh_pct,ramp,0.821359940872136
6,1.0,rh_pct,ramp,0.8233984216675011
8,1.0,rh_pct,ramp,0.8128495815749947
12,1.0,rh_pct,ramp,0.7946904131797916
16,1.0,rh_pct,ramp,0.7848484848484848
24,1.0,rh_pct,ramp,0.7570774622702239
1,1.5,rh_pct,step,0.8555018750235557
2,1.5,rh_pct,step,0.8663621716353219
3,1.5,rh_pct,step,0.8633894584102815
4,1.5,rh_pct,step,0.8570671428033014
6,1.5,rh_pct,step,0.844740511815475
8,1.5,rh_pct,step,0.8156717578110277
12,1.5,rh_pct,step,0.756082048769457
16,1.5,rh_pct,step,0.6898096238646214
24,1.5,rh_pct,step,0.5799499679644217
1,1.5,rh_pct,step,0.9177156608663458
2,1.5,rh_pct,step,0.9242387078859682
3,1.5,rh_pct,step,0.9257150129581636
4,1.5,rh_pct,step,0.9233524620510921
6,1.5,rh_pct,step,0.91179424287301
8,1.5,rh_pct,step,0.8932964642724917
12,1.5,rh_pct,step,0.8605123102554609
16,1.5,rh_pct,step,0.8262611069974084
24,1.5,rh_pct,step,0.7725217512032581
1,1.5,rh_pct,step,0.8973106358629569
2,1.5,rh_pct,step,0.9030136137138497
3,1.5,rh_pct,step,0.9050234842524378
4,1.5,rh_pct,step,0.901292229931097
6,1.5,rh_pct,step,0.8905824571442195
8,1.5,rh_pct,step,0.8825846982810004
12,1.5,rh_pct,step,0.8783897193810648
16,1.5,rh_pct,step,0.8658906134515891
24,1.5,rh_pct,step,0.8398135564933362
1,1.5,rh_pct,ramp,0.8202509610673501
2,1.5,rh_pct,ramp,0.8286332114725059
3,1.5,rh_pct,ramp,0.8229327629744092
4,1.5,rh_pct,ramp,0.8118522217615799
6,1.5,rh_pct,ramp,0.7816916669807411
8,1.5,rh_pct,ramp,0.7546628255380092
12,1.5,rh_pct,ramp,0.6950778276108998
16,1.5,rh_pct,ramp,0.6256524893528812
24,1.5,rh_pct,ramp,0.5334465571175517
1,1.5,rh_pct,ramp,0.8782372269529805
2,1.5,rh_pct,ramp,0.8918109033691226
3,1.5,rh_pct,ramp,0.8879489078119216
4,1.5,rh_pct,ramp,0.8789661236579045
6,1.5,rh_pct,ramp,0.8635991299518696
8,1.5,rh_pct,ramp,0.8456428174750094
12,1.5,rh_pct,ramp,0.810241577193632
16,1.5,rh_pct,ramp,0.781210662717512
24,1.5,rh_pct,ramp,0.7384464087375046
1,1.5,rh_pct,ramp,0.8674534487280358
2,1.5,rh_pct,ramp,0.8787258898981951
3,1.5,rh_pct,ramp,0.879271868965024
4,1.5,rh_pct,ramp,0.8770116586796365
6,1.5,rh_pct,ramp,0.8696182914908328
8,1.5,rh_pct,ramp,0.8618863695968338
12,1.5,rh_pct,ramp,0.8537491357318265
16,1.5,rh_pct,ramp,0.8453043416064658
24,1.5,rh_pct,ramp,0.8187111079321937
1,2.0,rh_pct,step,0.9147229393585348
2,2.0,rh_pct,step,0.9204080767346323
3,2.0,rh_pct,step,0.9135298496212265
4,2.0,rh_pct,step,0.9047907322956319
6,2.0,rh_pct,step,0.8953637922586968
8,2.0,rh_pct,step,0.8716091753665247
12,2.0,rh_pct,step,0.8129028002864358
16,2.0,rh_pct,step,0.7538949138808276
24,2.0,rh_pct,step,0.6499618399728638
1,2.0,rh_pct,step,0.9635389670492411
2,2.0,rh_pct,step,0.9652489818585709
3,2.0,rh_pct,step,0.9624120696038504
4,2.0,rh_pct,step,0.9552318585708995
6,2.0,rh_pct,step,0.9397653646797482
8,2.0,rh_pct,step,0.9219016105146242
12,2.0,rh_pct,step,0.8887287115883006
16,2.0,rh_pct,step,0.8587745279526103
24,2.0,rh_pct,step,0.8052573121066273
1,2.0,rh_pct,step,0.9364303936294495
2,2.0,rh_pct,step,0.9398874663233436
3,2.0,rh_pct,step,0.9402450945330568
4,2.0,rh_pct,step,0.9376630188589276
6,2.0,rh_pct,step,0.9246095892043965
8,2.0,rh_pct,step,0.914114393343347
12,2.0,rh_pct,step,0.9053048184440788
16,2.0,rh_pct,step,0.8897348782871993
24,2.0,rh_pct,step,0.8604963879550819
1,2.0,rh_pct,ramp,0.8800067368936797
2,2.0,rh_pct,ramp,0.8832373836354729
3,2.0,rh_pct,ramp,0.8755205781479668
4,2.0,rh_pct,ramp,0.8638535031847134
6,2.0,rh_pct,ramp,0.8451056231862208
8,2.0,rh_pct,ramp,0.8115165548562167
12,2.0,rh_pct,ramp,0.755111559190442
16,2.0,rh_pct,ramp,0.695482983454566
24,2.0,rh_pct,ramp,0.5995364263370143
1,2.0,rh_pct,ramp,0.9249838022954462
2,2.0,rh_pct,ramp,0.9344779711218066
3,2.0,rh_pct,ramp,0.9304748241392077
4,2.0,rh_pct,ramp,0.9204762125138838
6,2.0,rh_pct,ramp,0.8948491299518697
8,2.0,rh_pct,ramp,0.8737481488337653
12,2.0,rh_pct,ramp,0.8451939096630877
16,2.0,rh_pct,ramp,0.8176578119215105
24,2.0,rh_pct,ramp,0.7687314883376527
1,2.0,rh_pct,ramp,0.9117683522876285
2,2.0,rh_pct,ramp,0.9143623489020813
3,2.0,rh_pct,ramp,0.9114560236511458
4,2.0,rh_pct,ramp,0.9084400257492311
6,2.0,rh_pct,ramp,0.8947977016427056
8,2.0,rh_pct,ramp,0.8865698686312377
12,2.0,rh_pct,ramp,0.8792742531530887
16,2.0,rh_pct,ramp,0.8698757838018263
24,2.0,rh_pct,ramp,0.8428557804639629
1,3.0,rh_pct,step,0.9555423906079221
2,3.0,rh_pct,step,0.9545424565635248
3,3.0,rh_pct,step,0.9475676516036634
4,3.0,rh_pct,step,0.9390075566275958
6,3.0,rh_pct,step,0.9292555496928353
8,3.0,rh_pct,step,0.9088835129838314
12,3.0,rh_pct,step,0.8615803904571665
16,3.0,rh_pct,step,0.8106544209098104
24,3.0,rh_pct,step,0.7210690460935439
1,3.0,rh_pct,step,0.978568122917438
2,3.0,rh_pct,step,0.9839943539429841
3,3.0,rh_pct,step,0.9794543687523141
4,3.0,rh_pct,step,0.9727739726027397
6,3.0,rh_pct,step,0.9568979081821548
8,3.0,rh_pct,step,0.9406701221769715
12,3.0,rh_pct,step,0.9078582006664199
16,3.0,rh_pct,step,0.8806252313957794
24,3.0,rh_pct,step,0.8342905405405405
1,3.0,rh_pct,step,0.9617910020742436
2,3.0,rh_pct,step,0.9660730038385428
3,3.0,rh_pct,step,0.9650478029706984
4,3.0,rh_pct,step,0.9610948191593353
6,3.0,rh_pct,step,0.9472689125718237
8,3.0,rh_pct,step,0.9371432658608111
12,3.0,rh_pct,step,0.9250268221157285
16,3.0,rh_pct,step,0.9074005197529982
24,3.0,rh_pct,step,0.8722528193023865
1,3.0,rh_pct,ramp,0.9231016564278446
2,3.0,rh_pct,ramp,0.9205164323672408
3,3.0,rh_pct,ramp,0.9134662495759998
4,3.0,rh_pct,ramp,0.9014929521727659
6,3.0,rh_pct,ramp,0.8892888101609318
8,3.0,rh_pct,ramp,0.8678979949496853
12,3.0,rh_pct,ramp,0.8207727169939322
16,3.0,rh_pct,ramp,0.7660684336486638
24,3.0,rh_pct,ramp,0.6813025289262429
1,3.0,rh_pct,ramp,0.9540702517586079
2,3.0,rh_pct,ramp,0.9546256016290262
3,3.0,rh_pct,ramp,0.950180488707886
4,3.0,rh_pct,ramp,0.9418780081451315
6,3.0,rh_pct,ramp,0.9197126064420585
8,3.0,rh_pct,ramp,0.8997616623472788
12,3.0,rh_pct,ramp,0.8714827841540171
16,3.0,rh_pct,ramp,0.8472834135505369
24,3.0,rh_pct,ramp,0.8001804887078859
1,3.0,rh_pct,ramp,0.9465894189733687
2,3.0,rh_pct,ramp,0.9465846505972392
3,3.0,rh_pct,ramp,0.9432920868798131
4,3.0,rh_pct,ramp,0.9373602269747038
6,3.0,rh_pct,ramp,0.924924302028944
8,3.0,rh_pct,ramp,0.9112378704432207
12,3.0,rh_pct,ramp,0.9062346517893332
16,3.0,rh_pct,ramp,0.893399375342727
24,3.0,rh_pct,ramp,0.8583005507474429
1,4.0,rh_pct,step,0.960112171635322
2,4.0,rh_pct,step,0.9619624618399729
3,4.0,rh_pct,step,0.9527475219537933
4,4.0,rh_pct,step,0.9462249839822109
6,4.0,rh_pct,step,0.9371395997437154
8,4.0,rh_pct,step,0.9190760091207176
12,4.0,rh_pct,step,0.8771270681792486
16,4.0,rh_pct,step,0.8335080371612708
24,4.0,rh_pct,step,0.7527112463724418
1,4.0,rh_pct,step,0.9824740836727138
2,4.0,rh_pct,step,0.9860838578304332
3,4.0,rh_pct,step,0.9834320621991854
4,4.0,rh_pct,step,0.9773070159200298
6,4.0,rh_pct,step,0.963656978896705
8,4.0,rh_pct,step,0.9471237504627916
12,4.0,rh_pct,step,0.9141243983709737
16,4.0,rh_pct,step,0.8871691040355425
24,4.0,rh_pct,step,0.8434769529803777
1,4.0,rh_pct,step,0.9654268888729943
2,4.0,rh_pct,step,0.9677300145435471
3,4.0,rh_pct,step,0.9659847888801468
4,4.0,rh_pct,step,0.9622869131917126
6,4.0,rh_pct,step,0.9496984002098086
8,4.0,rh_pct,step,0.9409889612092601
12,4.0,rh_pct,step,0.9287485396848105
16,4.0,rh_pct,step,0.911258136041771
24,4.0,rh_pct,step,0.8732231838447417
1,4.0,rh_pct,ramp,0.9386200674631592
2,4.0,rh_pct,ramp,0.9323059963064863
3,4.0,rh_pct,ramp,0.9250202577921833
4,4.0,rh_pct,ramp,0.9140904722421136
6,4.0,rh_pct,ramp,0.9060815776580108
8,4.0,rh_pct,ramp,0.8884537651226775
12,4.0,rh_pct,ramp,0.8442646892548902
16,4.0,rh_pct,ramp,0.7965811442354803
24,4.0,rh_pct,ramp,0.7173048656390155
1,4.0,rh_pct,ramp,0.9687268604220659
2,4.0,rh_pct,ramp,0.9637865605331359
3,4.0,rh_pct,ramp,0.9570668271010736
4,4.0,rh_pct,ramp,0.9495672898926324
6,4.0,rh_pct,ramp,0.9328466308774529
8,4.0,rh_pct,ramp,0.9151633654202148
12,4.0,rh_pct,ramp,0.8839943539429841
16,4.0,rh_pct,ramp,0.8596584598296927
24,4.0,rh_pct,ramp,0.8155659940762681
1,4.0,rh_pct,ramp,0.9571466037241018
2,4.0,rh_pct,ramp,0.9545049233483538
3,4.0,rh_pct,ramp,0.95143408912095
4,4.0,rh_pct,ramp,0.9448298881815798
6,4.0,rh_pct,ramp,0.9340819683856662
8,4.0,rh_pct,ramp,0.9216484276279713
12,4.0,rh_pct,ramp,0.9128436211048327
16,4.0,rh_pct,ramp,0.8993216984955772
24,4.0,rh_pct,ramp,0.8623250602007487
