run,section,detector,scope,fault_type,support,precision,recall,f1,tp,fp,fn,tn,n_flagged,anomaly_rate,episodes,ep_detected,ep_recall,alert_rate_fixed,alert_rate_adaptive,n_rows,window,q,min_periods,threshold_fixed,n_features,n_estimators,contamination,random_state,split_time,seed
stage6_adaptive_threshold,overall,IF  @ fixed,train,ALL,125.0,0.216,0.216,0.216,27.0,98.0,98.0,1779.0,125.0,0.0624,,,,,,,30D,0.937562,80,0.503878,16,200,0.062438,42,2023-09-11 09:00:00,42
stage6_adaptive_threshold,overall,IF  @ fixed,test,ALL,54.0,0.0984,0.3519,0.1538,19.0,174.0,35.0,631.0,193.0,0.2247,,,,,,,30D,0.937562,80,0.503878,16,200,0.062438,42,2023-09-11 09:00:00,42
stage6_adaptive_threshold,overall,IF  @ adaptive,train,ALL,125.0,0.3182,0.336,0.3268,42.0,90.0,83.0,1787.0,132.0,0.0659,,,,,,,30D,0.937562,80,0.503878,16,200,0.062438,42,2023-09-11 09:00:00,42
stage6_adaptive_threshold,overall,IF  @ adaptive,test,ALL,54.0,0.1622,0.2222,0.1875,12.0,62.0,42.0,743.0,74.0,0.0861,,,,,,,30D,0.937562,80,0.503878,16,200,0.062438,42,2023-09-11 09:00:00,42
stage6_adaptive_threshold,overall,HYB @ fixed,train,ALL,125.0,0.3548,0.44,0.3929,55.0,100.0,70.0,1777.0,155.0,0.0774,,,,,,,30D,0.937562,80,0.503878,16,200,0.062438,42,2023-09-11 09:00:00,42
stage6_adaptive_threshold,overall,HYB @ fixed,test,ALL,54.0,0.1422,0.537,0.2248,29.0,175.0,25.0,630.0,204.0,0.2375,,,,,,,30D,0.937562,80,0.503878,16,200,0.062438,42,2023-09-11 09:00:00,42
stage6_adaptive_threshold,overall,HYB @ adaptive,train,ALL,125.0,0.425,0.544,0.4772,68.0,92.0,57.0,1785.0,160.0,0.0799,,,,,,,30D,0.937562,80,0.503878,16,200,0.062438,42,2023-09-11 09:00:00,42
stage6_adaptive_threshold,overall,HYB @ adaptive,test,ALL,54.0,0.2588,0.4074,0.3165,22.0,63.0,32.0,742.0,85.0,0.099,,,,,,,30D,0.937562,80,0.503878,16,200,0.062438,42,2023-09-11 09:00:00,42
stage6_adaptive_threshold,per_fault_type,HYBRID @ fixed,test,spike,3.0,,1.0,,3.0,,,,,,3.0,3.0,1.0,,,,30D,0.937562,80,0.503878,16,200,0.062438,42,2023-09-11 09:00:00,42
stage6_adaptive_threshold,per_fault_type,HYBRID @ fixed,test,stuck_at,14.0,,1.0,,14.0,,,,,,1.0,1.0,1.0,,,,30D,0.937562,80,0.503878,16,200,0.062438,42,2023-09-11 09:00:00,42
stage6_adaptive_threshold,per_fault_type,HYBRID @ fixed,test,bias,22.0,,0.273,,6.0,,,,,,2.0,2.0,1.0,,,,30D,0.937562,80,0.503878,16,200,0.062438,42,2023-09-11 09:00:00,42
stage6_adaptive_threshold,per_fault_type,HYBRID @ fixed,test,drift,3.0,,0.333,,1.0,,,,,,1.0,1.0,1.0,,,,30D,0.937562,80,0.503878,16,200,0.062438,42,2023-09-11 09:00:00,42
stage6_adaptive_threshold,per_fault_type,HYBRID @ fixed,test,noise_burst,12.0,,0.417,,5.0,,,,,,1.0,1.0,1.0,,,,30D,0.937562,80,0.503878,16,200,0.062438,42,2023-09-11 09:00:00,42
stage6_adaptive_threshold,per_fault_type,HYBRID @ adaptive,test,spike,3.0,,1.0,,3.0,,,,,,3.0,3.0,1.0,,,,30D,0.937562,80,0.503878,16,200,0.062438,42,2023-09-11 09:00:00,42
stage6_adaptive_threshold,per_fault_type,HYBRID @ adaptive,test,stuck_at,14.0,,1.0,,14.0,,,,,,1.0,1.0,1.0,,,,30D,0.937562,80,0.503878,16,200,0.062438,42,2023-09-11 09:00:00,42
stage6_adaptive_threshold,per_fault_type,HYBRID @ adaptive,test,bias,22.0,,0.136,,3.0,,,,,,2.0,2.0,1.0,,,,30D,0.937562,80,0.503878,16,200,0.062438,42,2023-09-11 09:00:00,42
stage6_adaptive_threshold,per_fault_type,HYBRID @ adaptive,test,drift,3.0,,0.333,,1.0,,,,,,1.0,1.0,1.0,,,,30D,0.937562,80,0.503878,16,200,0.062438,42,2023-09-11 09:00:00,42
stage6_adaptive_threshold,per_fault_type,HYBRID @ adaptive,test,noise_burst,12.0,,0.083,,1.0,,,,,,1.0,1.0,1.0,,,,30D,0.937562,80,0.503878,16,200,0.062438,42,2023-09-11 09:00:00,42
stage6_adaptive_threshold,robustness,Stage 4 fit (70%) @ fixed,test,ALL,,0.14215686274509803,0.5370370370370371,0.2248062015503876,,,,,204.0,0.23748544819557627,,,,,,,30D,0.937562,80,0.503878,16,200,0.062438,42,2023-09-11 09:00:00,42
stage6_adaptive_threshold,robustness,Stage 4 fit (70%) @ adaptive,test,ALL,,0.25882352941176473,0.4074074074074074,0.31654676258992803,,,,,85.0,0.0989522700814901,,,,,,,30D,0.937562,80,0.503878,16,200,0.062438,42,2023-09-11 09:00:00,42
stage6_adaptive_threshold,robustness,Stage 5 fit (55%) @ fixed,test,ALL,,0.15486725663716813,0.6481481481481481,0.25,,,,,226.0,0.2630966239813737,,,,,,,30D,0.937562,80,0.503878,16,200,0.062438,42,2023-09-11 09:00:00,42
stage6_adaptive_threshold,robustness,Stage 5 fit (55%) @ adaptive,test,ALL,,0.23809523809523808,0.37037037037037035,0.2898550724637681,,,,,84.0,0.09778812572759023,,,,,,,30D,0.937562,80,0.503878,16,200,0.062438,42,2023-09-11 09:00:00,42
stage6_adaptive_threshold,monthly_alert_rate,IF,2023-01,ALL,,,,,,,,,,,,,,0.10612244897959183,0.08571428571428572,245.0,30D,0.937562,80,0.503878,16,200,0.062438,42,2023-09-11 09:00:00,42
stage6_adaptive_threshold,monthly_alert_rate,IF,2023-02,ALL,,,,,,,,,,,,,,0.12053571428571429,0.06696428571428571,224.0,30D,0.937562,80,0.503878,16,200,0.062438,42,2023-09-11 09:00:00,42
stage6_adaptive_threshold,monthly_alert_rate,IF,2023-03,ALL,,,,,,,,,,,,,,0.0823045267489712,0.06172839506172839,243.0,30D,0.937562,80,0.503878,16,200,0.062438,42,2023-09-11 09:00:00,42
stage6_adaptive_threshold,monthly_alert_rate,IF,2023-04,ALL,,,,,,,,,,,,,,0.03361344537815126,0.025210084033613446,238.0,30D,0.937562,80,0.503878,16,200,0.062438,42,2023-09-11 09:00:00,42
stage6_adaptive_threshold,monthly_alert_rate,IF,2023-05,ALL,,,,,,,,,,,,,,0.04081632653061224,0.07346938775510205,245.0,30D,0.937562,80,0.503878,16,200,0.062438,42,2023-09-11 09:00:00,42
stage6_adaptive_threshold,monthly_alert_rate,IF,2023-06,ALL,,,,,,,,,,,,,,0.059574468085106386,0.07659574468085106,235.0,30D,0.937562,80,0.503878,16,200,0.062438,42,2023-09-11 09:00:00,42
stage6_adaptive_threshold,monthly_alert_rate,IF,2023-07,ALL,,,,,,,,,,,,,,0.032520325203252036,0.036585365853658534,246.0,30D,0.937562,80,0.503878,16,200,0.062438,42,2023-09-11 09:00:00,42
stage6_adaptive_threshold,monthly_alert_rate,IF,2023-08,ALL,,,,,,,,,,,,,,0.02459016393442623,0.06147540983606557,244.0,30D,0.937562,80,0.503878,16,200,0.062438,42,2023-09-11 09:00:00,42
stage6_adaptive_threshold,monthly_alert_rate,IF,2023-09,ALL,,,,,,,,,,,,,,0.07792207792207792,0.11688311688311688,231.0,30D,0.937562,80,0.503878,16,200,0.062438,42,2023-09-11 09:00:00,42
stage6_adaptive_threshold,monthly_alert_rate,IF,2023-10,ALL,,,,,,,,,,,,,,0.30991735537190085,0.11983471074380166,242.0,30D,0.937562,80,0.503878,16,200,0.062438,42,2023-09-11 09:00:00,42
stage6_adaptive_threshold,monthly_alert_rate,IF,2023-11,ALL,,,,,,,,,,,,,,0.22127659574468084,0.05106382978723404,235.0,30D,0.937562,80,0.503878,16,200,0.062438,42,2023-09-11 09:00:00,42
stage6_adaptive_threshold,monthly_alert_rate,IF,2023-12,ALL,,,,,,,,,,,,,,0.2317596566523605,0.09012875536480687,233.0,30D,0.937562,80,0.503878,16,200,0.062438,42,2023-09-11 09:00:00,42
